product_id,date,price
P001,2026-03-18,101900
P001,2026-03-19,102200
P001,2026-03-20,102100
P001,2026-03-21,101600
P001,2026-03-22,101800
P001,2026-03-23,101700
P001,2026-03-24,101600
P001,2026-03-25,101600
P001,2026-03-26,101700
P001,2026-03-27,102100
P001,2026-03-28,102300
P001,2026-03-29,102300
P001,2026-03-30,102100
P001,2026-03-31,101800
P001,2026-04-01,101800
P001,2026-04-02,102300
P001,2026-04-03,102300
P001,2026-04-04,102200
P001,2026-04-05,102400
P001,2026-04-06,101900
P001,2026-04-07,101800
P001,2026-04-08,102000
P001,2026-04-09,102300
P001,2026-04-10,102200
P001,2026-04-11,102300
P001,2026-04-12,102400
P001,2026-04-13,102700
P001,2026-04-14,102300
P001,2026-04-15,102500
P001,2026-04-16,102000
P001,2026-04-17,101100
P001,2026-04-18,101000
P001,2026-04-19,100700
P001,2026-04-20,100900
P001,2026-04-21,101200
P001,2026-04-22,100800
P001,2026-04-23,101000
P001,2026-04-24,100700
P001,2026-04-25,100700
P001,2026-04-26,100600
P001,2026-04-27,100600
P001,2026-04-28,100900
P001,2026-04-29,101100
P001,2026-04-30,101200
P001,2026-05-01,101400
P001,2026-05-02,101600
P001,2026-05-03,101400
P001,2026-05-04,101100
P001,2026-05-05,101000
P001,2026-05-06,101100
P001,2026-05-07,101100
P001,2026-05-08,101800
P001,2026-05-09,101500
P001,2026-05-10,101200
P001,2026-05-11,101400
P001,2026-05-12,101900
P001,2026-05-13,102100
P001,2026-05-14,102300
P001,2026-05-15,102800
P001,2026-05-16,102800
P001,2026-05-17,102300
P001,2026-05-18,102100
P001,2026-05-19,102400
P001,2026-05-20,102000
P001,2026-05-21,102000
P001,2026-05-22,102100
P001,2026-05-23,102000
P001,2026-05-24,102200
P001,2026-05-25,102400
P001,2026-05-26,103100
P001,2026-05-27,103300
P001,2026-05-28,103100
P001,2026-05-29,103000
P001,2026-05-30,102700
P001,2026-05-31,103000
P001,2026-06-01,102800
P001,2026-06-02,102800
P001,2026-06-03,103000
P001,2026-06-04,102800
P001,2026-06-05,102700
P001,2026-06-06,102100
P001,2026-06-07,101700
P001,2026-06-08,101600
P001,2026-06-09,101700
P001,2026-06-10,102100
P001,2026-06-11,102100
P001,2026-06-12,102200
P001,2026-06-13,102200
P001,2026-06-14,102600
P001,2026-06-15,102900
P001,2026-06-16,102900
P001,2026-06-17,102600
P001,2026-06-18,102900
P001,2026-06-19,103000
P001,2026-06-20,103400
P001,2026-06-21,103400
P001,2026-06-22,104100
P001,2026-06-23,103900
P001,2026-06-24,104500
P001,2026-06-25,104500
P001,2026-06-26,104300
P001,2026-06-27,104000
P001,2026-06-28,103900
P001,2026-06-29,104400
P001,2026-06-30,104700
P001,2026-07-01,104900
P001,2026-07-02,104100
P001,2026-07-03,104300
P001,2026-07-04,104500
P001,2026-07-05,104300
P001,2026-07-06,104100
P001,2026-07-07,104100
P001,2026-07-08,104700
P001,2026-07-09,104300
P001,2026-07-10,104200
P001,2026-07-11,104700
P001,2026-07-12,104500
P001,2026-07-13,104400
P001,2026-07-14,104400
P001,2026-07-15,104000
P001,2026-07-16,104100
P001,2026-07-17,103700
P001,2026-07-18,104000
P001,2026-07-19,104000
P001,2026-07-20,104700
P001,2026-07-21,104800
P001,2026-07-22,105300
P001,2026-07-23,104800
P001,2026-07-24,104800
P001,2026-07-25,104900
P001,2026-07-26,105500
P001,2026-07-27,104900
P001,2026-07-28,105200
P001,2026-07-29,105400
P001,2026-07-30,106000
P001,2026-07-31,106200
P001,2026-08-01,106200
P001,2026-08-02,106000
P001,2026-08-03,105600
P001,2026-08-04,105700
P001,2026-08-05,105600
P001,2026-08-06,106300
P001,2026-08-07,106100
P001,2026-08-08,106200
P001,2026-08-09,105700
P001,2026-08-10,105500
P001,2026-08-11,105600
P001,2026-08-12,105900
P001,2026-08-13,106400
P001,2026-08-14,106400
P001,2026-08-15,106000
P001,2026-08-16,106200
P001,2026-08-17,106300
P001,2026-08-18,106500
P001,2026-08-19,106300
P001,2026-08-20,106600
P001,2026-08-21,106700
P001,2026-08-22,106900
P001,2026-08-23,107300
P001,2026-08-24,107500
P001,2026-08-25,107600
P001,2026-08-26,108400
P001,2026-08-27,108500
P001,2026-08-28,108400
P001,2026-08-29,108400
P001,2026-08-30,108900
P001,2026-08-31,109000
P001,2026-09-01,109100
P001,2026-09-02,109500
P001,2026-09-03,109400
P001,2026-09-04,108800
P001,2026-09-05,108900
P001,2026-09-06,108900
P001,2026-09-07,108700
P001,2026-09-08,109000
P001,2026-09-09,109300
P001,2026-09-10,108900
P001,2026-09-11,109100
P001,2026-09-12,109000
P001,2026-09-13,89999
P002,2026-03-18,176200
P002,2026-03-19,176500
P002,2026-03-20,176900
P002,2026-03-21,176500
P002,2026-03-22,176700
P002,2026-03-23,177400
P002,2026-03-24,176900
P002,2026-03-25,177200
P002,2026-03-26,177200
P002,2026-03-27,178700
P002,2026-03-28,177400
P002,2026-03-29,177900
P002,2026-03-30,177700
P002,2026-03-31,177600
P002,2026-04-01,178900
P002,2026-04-02,178900
P002,2026-04-03,180400
P002,2026-04-04,180100
P002,2026-04-05,180300
P002,2026-04-06,180000
P002,2026-04-07,179500
P002,2026-04-08,179500
P002,2026-04-09,179400
P002,2026-04-10,179500
P002,2026-04-11,178100
P002,2026-04-12,179400
P002,2026-04-13,179300
P002,2026-04-14,180500
P002,2026-04-15,179800
P002,2026-04-16,180000
P002,2026-04-17,182100
P002,2026-04-18,181500
P002,2026-04-19,180500
P002,2026-04-20,180100
P002,2026-04-21,180400
P002,2026-04-22,180900
P002,2026-04-23,181800
P002,2026-04-24,181600
P002,2026-04-25,180500
P002,2026-04-26,180200
P002,2026-04-27,181100
P002,2026-04-28,181400
P002,2026-04-29,180100
P002,2026-04-30,180000
P002,2026-05-01,181000
P002,2026-05-02,182400
P002,2026-05-03,182800
P002,2026-05-04,183000
P002,2026-05-05,182100
P002,2026-05-06,181600
P002,2026-05-07,181600
P002,2026-05-08,181900
P002,2026-05-09,182300
P002,2026-05-10,182000
P002,2026-05-11,181200
P002,2026-05-12,180700
P002,2026-05-13,179900
P002,2026-05-14,180400
P002,2026-05-15,178800
P002,2026-05-16,178600
P002,2026-05-17,178900
P002,2026-05-18,179900
P002,2026-05-19,180000
P002,2026-05-20,180600
P002,2026-05-21,180400
P002,2026-05-22,179900
P002,2026-05-23,179400
P002,2026-05-24,180400
P002,2026-05-25,181100
P002,2026-05-26,181400
P002,2026-05-27,183600
P002,2026-05-28,183600
P002,2026-05-29,184000
P002,2026-05-30,184200
P002,2026-05-31,184100
P002,2026-06-01,185700
P002,2026-06-02,186700
P002,2026-06-03,185700
P002,2026-06-04,185500
P002,2026-06-05,185800
P002,2026-06-06,186300
P002,2026-06-07,185400
P002,2026-06-08,183800
P002,2026-06-09,182500
P002,2026-06-10,182500
P002,2026-06-11,182400
P002,2026-06-12,182600
P002,2026-06-13,182100
P002,2026-06-14,181300
P002,2026-06-15,180000
P002,2026-06-16,180200
P002,2026-06-17,180400
P002,2026-06-18,181100
P002,2026-06-19,181600
P002,2026-06-20,181500
P002,2026-06-21,182400
P002,2026-06-22,182300
P002,2026-06-23,181800
P002,2026-06-24,181500
P002,2026-06-25,181100
P002,2026-06-26,179700
P002,2026-06-27,179800
P002,2026-06-28,179900
P002,2026-06-29,179700
P002,2026-06-30,179200
P002,2026-07-01,179500
P002,2026-07-02,180600
P002,2026-07-03,180600
P002,2026-07-04,180300
P002,2026-07-05,179900
P002,2026-07-06,179800
P002,2026-07-07,179000
P002,2026-07-08,178900
P002,2026-07-09,179000
P002,2026-07-10,180200
P002,2026-07-11,180800
P002,2026-07-12,181500
P002,2026-07-13,181000
P002,2026-07-14,181500
P002,2026-07-15,180700
P002,2026-07-16,180900
P002,2026-07-17,181200
P002,2026-07-18,180700
P002,2026-07-19,182000
P002,2026-07-20,182400
P002,2026-07-21,181100
P002,2026-07-22,181500
P002,2026-07-23,181200
P002,2026-07-24,181200
P002,2026-07-25,181500
P002,2026-07-26,181800
P002,2026-07-27,180400
P002,2026-07-28,179600
P002,2026-07-29,180200
P002,2026-07-30,181000
P002,2026-07-31,182300
P002,2026-08-01,183500
P002,2026-08-02,182100
P002,2026-08-03,182600
P002,2026-08-04,181300
P002,2026-08-05,182400
P002,2026-08-06,182600
P002,2026-08-07,181800
P002,2026-08-08,183200
P002,2026-08-09,183600
P002,2026-08-10,182300
P002,2026-08-11,182500
P002,2026-08-12,182000
P002,2026-08-13,182100
P002,2026-08-14,181800
P002,2026-08-15,182700
P002,2026-08-16,181800
P002,2026-08-17,182000
P002,2026-08-18,183200
P002,2026-08-19,182600
P002,2026-08-20,182800
P002,2026-08-21,182900
P002,2026-08-22,182400
P002,2026-08-23,182900
P002,2026-08-24,182900
P002,2026-08-25,182300
P002,2026-08-26,183500
P002,2026-08-27,184000
P002,2026-08-28,183900
P002,2026-08-29,183500
P002,2026-08-30,182900
P002,2026-08-31,183800
P002,2026-09-01,183700
P002,2026-09-02,184000
P002,2026-09-03,183900
P002,2026-09-04,184300
P002,2026-09-05,184200
P002,2026-09-06,184700
P002,2026-09-07,184600
P002,2026-09-08,185200
P002,2026-09-09,185600
P002,2026-09-10,185500
P002,2026-09-11,185000
P002,2026-09-12,184300
P002,2026-09-13,149999
P003,2026-03-18,80300
P003,2026-03-19,81200
P003,2026-03-20,82500
P003,2026-03-21,82500
P003,2026-03-22,81600
P003,2026-03-23,81400
P003,2026-03-24,81300
P003,2026-03-25,80500
P003,2026-03-26,80300
P003,2026-03-27,80500
P003,2026-03-28,80200
P003,2026-03-29,79800
P003,2026-03-30,79400
P003,2026-03-31,80400
P003,2026-04-01,80300
P003,2026-04-02,79800
P003,2026-04-03,79600
P003,2026-04-04,80100
P003,2026-04-05,79700
P003,2026-04-06,80000
P003,2026-04-07,80400
P003,2026-04-08,80900
P003,2026-04-09,81600
P003,2026-04-10,81300
P003,2026-04-11,82000
P003,2026-04-12,81500
P003,2026-04-13,81300
P003,2026-04-14,82000
P003,2026-04-15,82500
P003,2026-04-16,82500
P003,2026-04-17,81800
P003,2026-04-18,82100
P003,2026-04-19,81700
P003,2026-04-20,81200
P003,2026-04-21,80800
P003,2026-04-22,81000
P003,2026-04-23,79800
P003,2026-04-24,80000
P003,2026-04-25,80100
P003,2026-04-26,79700
P003,2026-04-27,80300
P003,2026-04-28,80700
P003,2026-04-29,80300
P003,2026-04-30,79900
P003,2026-05-01,80300
P003,2026-05-02,79500
P003,2026-05-03,79300
P003,2026-05-04,78900
P003,2026-05-05,79000
P003,2026-05-06,79100
P003,2026-05-07,79100
P003,2026-05-08,79700
P003,2026-05-09,79900
P003,2026-05-10,79700
P003,2026-05-11,79000
P003,2026-05-12,79400
P003,2026-05-13,79700
P003,2026-05-14,80500
P003,2026-05-15,80100
P003,2026-05-16,80100
P003,2026-05-17,80100
P003,2026-05-18,80000
P003,2026-05-19,80000
P003,2026-05-20,79100
P003,2026-05-21,79500
P003,2026-05-22,79900
P003,2026-05-23,80500
P003,2026-05-24,81800
P003,2026-05-25,81600
P003,2026-05-26,81600
P003,2026-05-27,81600
P003,2026-05-28,82700
P003,2026-05-29,81700
P003,2026-05-30,82000
P003,2026-05-31,81100
P003,2026-06-01,79700
P003,2026-06-02,78500
P003,2026-06-03,77800
P003,2026-06-04,78400
P003,2026-06-05,77900
P003,2026-06-06,77700
P003,2026-06-07,77100
P003,2026-06-08,77400
P003,2026-06-09,76800
P003,2026-06-10,77600
P003,2026-06-11,77000
P003,2026-06-12,76600
P003,2026-06-13,76700
P003,2026-06-14,76700
P003,2026-06-15,77400
P003,2026-06-16,77500
P003,2026-06-17,76900
P003,2026-06-18,76600
P003,2026-06-19,76200
P003,2026-06-20,76600
P003,2026-06-21,76800
P003,2026-06-22,76800
P003,2026-06-23,77200
P003,2026-06-24,77000
P003,2026-06-25,76900
P003,2026-06-26,77000
P003,2026-06-27,77800
P003,2026-06-28,77800
P003,2026-06-29,77600
P003,2026-06-30,77000
P003,2026-07-01,77400
P003,2026-07-02,77000
P003,2026-07-03,77200
P003,2026-07-04,76200
P003,2026-07-05,76800
P003,2026-07-06,76000
P003,2026-07-07,75600
P003,2026-07-08,76200
P003,2026-07-09,75500
P003,2026-07-10,75400
P003,2026-07-11,75500
P003,2026-07-12,74900
P003,2026-07-13,75600
P003,2026-07-14,76400
P003,2026-07-15,75400
P003,2026-07-16,74600
P003,2026-07-17,75000
P003,2026-07-18,74300
P003,2026-07-19,74100
P003,2026-07-20,74200
P003,2026-07-21,74600
P003,2026-07-22,74500
P003,2026-07-23,74500
P003,2026-07-24,74100
P003,2026-07-25,74800
P003,2026-07-26,74500
P003,2026-07-27,74700
P003,2026-07-28,74400
P003,2026-07-29,74500
P003,2026-07-30,74400
P003,2026-07-31,74300
P003,2026-08-01,73800
P003,2026-08-02,74200
P003,2026-08-03,74900
P003,2026-08-04,75100
P003,2026-08-05,75400
P003,2026-08-06,75900
P003,2026-08-07,76400
P003,2026-08-08,76500
P003,2026-08-09,76700
P003,2026-08-10,77100
P003,2026-08-11,77200
P003,2026-08-12,76600
P003,2026-08-13,76600
P003,2026-08-14,75600
P003,2026-08-15,75600
P003,2026-08-16,75800
P003,2026-08-17,76500
P003,2026-08-18,76600
P003,2026-08-19,77100
P003,2026-08-20,77100
P003,2026-08-21,76500
P003,2026-08-22,75800
P003,2026-08-23,75300
P003,2026-08-24,74500
P003,2026-08-25,74900
P003,2026-08-26,74800
P003,2026-08-27,75100
P003,2026-08-28,75100
P003,2026-08-29,75600
P003,2026-08-30,76200
P003,2026-08-31,75900
P003,2026-09-01,75700
P003,2026-09-02,75400
P003,2026-09-03,74600
P003,2026-09-04,74900
P003,2026-09-05,75600
P003,2026-09-06,75500
P003,2026-09-07,75300
P003,2026-09-08,75900
P003,2026-09-09,74600
P003,2026-09-10,74700
P003,2026-09-11,74800
P003,2026-09-12,74500
P003,2026-09-13,72999
P004,2026-03-18,123300
P004,2026-03-19,123000
P004,2026-03-20,122600
P004,2026-03-21,121700
P004,2026-03-22,122700
P004,2026-03-23,123400
P004,2026-03-24,124000
P004,2026-03-25,123200
P004,2026-03-26,124700
P004,2026-03-27,126100
P004,2026-03-28,126200
P004,2026-03-29,125600
P004,2026-03-30,124900
P004,2026-03-31,125200
P004,2026-04-01,124600
P004,2026-04-02,124600
P004,2026-04-03,125300
P004,2026-04-04,124200
P004,2026-04-05,125700
P004,2026-04-06,126800
P004,2026-04-07,125900
P004,2026-04-08,124900
P004,2026-04-09,124700
P004,2026-04-10,123900
P004,2026-04-11,123800
P004,2026-04-12,121900
P004,2026-04-13,121700
P004,2026-04-14,123000
P004,2026-04-15,122200
P004,2026-04-16,122000
P004,2026-04-17,121000
P004,2026-04-18,121400
P004,2026-04-19,121300
P004,2026-04-20,122600
P004,2026-04-21,122800
P004,2026-04-22,122500
P004,2026-04-23,122900
P004,2026-04-24,122500
P004,2026-04-25,121600
P004,2026-04-26,121800
P004,2026-04-27,121700
P004,2026-04-28,121800
P004,2026-04-29,122100
P004,2026-04-30,121700
P004,2026-05-01,122000
P004,2026-05-02,123200
P004,2026-05-03,122400
P004,2026-05-04,123700
P004,2026-05-05,123500
P004,2026-05-06,122900
P004,2026-05-07,124700
P004,2026-05-08,124800
P004,2026-05-09,125800
P004,2026-05-10,126400
P004,2026-05-11,125100
P004,2026-05-12,125200
P004,2026-05-13,124800
P004,2026-05-14,123900
P004,2026-05-15,122600
P004,2026-05-16,122700
P004,2026-05-17,123100
P004,2026-05-18,123400
P004,2026-05-19,123200
P004,2026-05-20,122600
P004,2026-05-21,121900
P004,2026-05-22,121500
P004,2026-05-23,120800
P004,2026-05-24,120600
P004,2026-05-25,120600
P004,2026-05-26,120000
P004,2026-05-27,119800
P004,2026-05-28,119300
P004,2026-05-29,119300
P004,2026-05-30,119700
P004,2026-05-31,119800
P004,2026-06-01,120100
P004,2026-06-02,119000
P004,2026-06-03,118700
P004,2026-06-04,118900
P004,2026-06-05,119300
P004,2026-06-06,118200
P004,2026-06-07,118300
P004,2026-06-08,119200
P004,2026-06-09,119000
P004,2026-06-10,119000
P004,2026-06-11,119300
P004,2026-06-12,119400
P004,2026-06-13,119900
P004,2026-06-14,120000
P004,2026-06-15,120100
P004,2026-06-16,119500
P004,2026-06-17,119400
P004,2026-06-18,120300
P004,2026-06-19,120100
P004,2026-06-20,120000
P004,2026-06-21,119700
P004,2026-06-22,120200
P004,2026-06-23,119600
P004,2026-06-24,120300
P004,2026-06-25,119600
P004,2026-06-26,118900
P004,2026-06-27,119000
P004,2026-06-28,119100
P004,2026-06-29,119300
P004,2026-06-30,120000
P004,2026-07-01,119800
P004,2026-07-02,120100
P004,2026-07-03,119400
P004,2026-07-04,120300
P004,2026-07-05,120700
P004,2026-07-06,121100
P004,2026-07-07,121200
P004,2026-07-08,120700
P004,2026-07-09,120500
P004,2026-07-10,120800
P004,2026-07-11,120800
P004,2026-07-12,120900
P004,2026-07-13,119900
P004,2026-07-14,120100
P004,2026-07-15,119600
P004,2026-07-16,118800
P004,2026-07-17,118700
P004,2026-07-18,117500
P004,2026-07-19,117900
P004,2026-07-20,118500
P004,2026-07-21,118500
P004,2026-07-22,117800
P004,2026-07-23,117100
P004,2026-07-24,117000
P004,2026-07-25,115400
P004,2026-07-26,115500
P004,2026-07-27,116000
P004,2026-07-28,115800
P004,2026-07-29,115400
P004,2026-07-30,115600
P004,2026-07-31,115800
P004,2026-08-01,116500
P004,2026-08-02,116500
P004,2026-08-03,116100
P004,2026-08-04,115800
P004,2026-08-05,115900
P004,2026-08-06,116900
P004,2026-08-07,116700
P004,2026-08-08,116000
P004,2026-08-09,115400
P004,2026-08-10,114000
P004,2026-08-11,114200
P004,2026-08-12,113300
P004,2026-08-13,112500
P004,2026-08-14,111200
P004,2026-08-15,110500
P004,2026-08-16,110900
P004,2026-08-17,110000
P004,2026-08-18,108900
P004,2026-08-19,109000
P004,2026-08-20,108800
P004,2026-08-21,109100
P004,2026-08-22,109600
P004,2026-08-23,109600
P004,2026-08-24,108700
P004,2026-08-25,108700
P004,2026-08-26,109000
P004,2026-08-27,108600
P004,2026-08-28,107700
P004,2026-08-29,108400
P004,2026-08-30,108100
P004,2026-08-31,107900
P004,2026-09-01,107900
P004,2026-09-02,108500
P004,2026-09-03,108700
P004,2026-09-04,108500
P004,2026-09-05,108900
P004,2026-09-06,110300
P004,2026-09-07,111200
P004,2026-09-08,111600
P004,2026-09-09,110900
P004,2026-09-10,113300
P004,2026-09-11,112500
P004,2026-09-12,112200
P004,2026-09-13,104999
P005,2026-03-18,78200
P005,2026-03-19,78400
P005,2026-03-20,78700
P005,2026-03-21,78500
P005,2026-03-22,77700
P005,2026-03-23,77300
P005,2026-03-24,77000
P005,2026-03-25,77000
P005,2026-03-26,76700
P005,2026-03-27,77100
P005,2026-03-28,76500
P005,2026-03-29,75400
P005,2026-03-30,75000
P005,2026-03-31,75800
P005,2026-04-01,75400
P005,2026-04-02,76900
P005,2026-04-03,77200
P005,2026-04-04,76500
P005,2026-04-05,75900
P005,2026-04-06,76100
P005,2026-04-07,75400
P005,2026-04-08,76800
P005,2026-04-09,76200
P005,2026-04-10,76600
P005,2026-04-11,77600
P005,2026-04-12,77500
P005,2026-04-13,76900
P005,2026-04-14,76700
P005,2026-04-15,76900
P005,2026-04-16,77500
P005,2026-04-17,77500
P005,2026-04-18,76600
P005,2026-04-19,76600
P005,2026-04-20,76200
P005,2026-04-21,74800
P005,2026-04-22,74400
P005,2026-04-23,73500
P005,2026-04-24,73900
P005,2026-04-25,75100
P005,2026-04-26,76200
P005,2026-04-27,75900
P005,2026-04-28,75600
P005,2026-04-29,76000
P005,2026-04-30,76700
P005,2026-05-01,76400
P005,2026-05-02,76300
P005,2026-05-03,77700
P005,2026-05-04,77600
P005,2026-05-05,77300
P005,2026-05-06,77400
P005,2026-05-07,77800
P005,2026-05-08,77100
P005,2026-05-09,76900
P005,2026-05-10,76200
P005,2026-05-11,76000
P005,2026-05-12,77200
P005,2026-05-13,77700
P005,2026-05-14,77600
P005,2026-05-15,77000
P005,2026-05-16,76800
P005,2026-05-17,77500
P005,2026-05-18,77100
P005,2026-05-19,78100
P005,2026-05-20,77200
P005,2026-05-21,77000
P005,2026-05-22,78100
P005,2026-05-23,76800
P005,2026-05-24,77600
P005,2026-05-25,76400
P005,2026-05-26,76300
P005,2026-05-27,76200
P005,2026-05-28,76700
P005,2026-05-29,74700
P005,2026-05-30,73500
P005,2026-05-31,73200
P005,2026-06-01,73200
P005,2026-06-02,72700
P005,2026-06-03,72500
P005,2026-06-04,71800
P005,2026-06-05,71600
P005,2026-06-06,71100
P005,2026-06-07,71200
P005,2026-06-08,71600
P005,2026-06-09,72400
P005,2026-06-10,72000
P005,2026-06-11,71800
P005,2026-06-12,71900
P005,2026-06-13,71700
P005,2026-06-14,71600
P005,2026-06-15,70700
P005,2026-06-16,70900
P005,2026-06-17,70400
P005,2026-06-18,69800
P005,2026-06-19,68900
P005,2026-06-20,69600
P005,2026-06-21,69500
P005,2026-06-22,70200
P005,2026-06-23,70300
P005,2026-06-24,69300
P005,2026-06-25,68700
P005,2026-06-26,69100
P005,2026-06-27,68700
P005,2026-06-28,68100
P005,2026-06-29,68000
P005,2026-06-30,67900
P005,2026-07-01,67500
P005,2026-07-02,67500
P005,2026-07-03,67500
P005,2026-07-04,67500
P005,2026-07-05,67800
P005,2026-07-06,67500
P005,2026-07-07,68200
P005,2026-07-08,67600
P005,2026-07-09,67500
P005,2026-07-10,68200
P005,2026-07-11,67500
P005,2026-07-12,67500
P005,2026-07-13,67800
P005,2026-07-14,67600
P005,2026-07-15,67500
P005,2026-07-16,67600
P005,2026-07-17,67500
P005,2026-07-18,68200
P005,2026-07-19,68600
P005,2026-07-20,70300
P005,2026-07-21,69300
P005,2026-07-22,69300
P005,2026-07-23,68700
P005,2026-07-24,69300
P005,2026-07-25,69800
P005,2026-07-26,70300
P005,2026-07-27,69800
P005,2026-07-28,69400
P005,2026-07-29,68200
P005,2026-07-30,69200
P005,2026-07-31,69500
P005,2026-08-01,69300
P005,2026-08-02,69900
P005,2026-08-03,70300
P005,2026-08-04,70900
P005,2026-08-05,69900
P005,2026-08-06,69500
P005,2026-08-07,69600
P005,2026-08-08,69800
P005,2026-08-09,70400
P005,2026-08-10,69800
P005,2026-08-11,69800
P005,2026-08-12,71100
P005,2026-08-13,71500
P005,2026-08-14,72000
P005,2026-08-15,72000
P005,2026-08-16,72500
P005,2026-08-17,73600
P005,2026-08-18,73600
P005,2026-08-19,74400
P005,2026-08-20,73900
P005,2026-08-21,74200
P005,2026-08-22,74800
P005,2026-08-23,74300
P005,2026-08-24,75000
P005,2026-08-25,74600
P005,2026-08-26,74100
P005,2026-08-27,74100
P005,2026-08-28,75200
P005,2026-08-29,75400
P005,2026-08-30,76000
P005,2026-08-31,75600
P005,2026-09-01,75600
P005,2026-09-02,74900
P005,2026-09-03,74500
P005,2026-09-04,75000
P005,2026-09-05,75000
P005,2026-09-06,75900
P005,2026-09-07,75800
P005,2026-09-08,75700
P005,2026-09-09,76500
P005,2026-09-10,76100
P005,2026-09-11,75100
P005,2026-09-12,75900
P005,2026-09-13,74999
P006,2026-03-18,88800
P006,2026-03-19,90300
P006,2026-03-20,89700
P006,2026-03-21,89200
P006,2026-03-22,88400
P006,2026-03-23,87500
P006,2026-03-24,87000
P006,2026-03-25,85800
P006,2026-03-26,85000
P006,2026-03-27,83700
P006,2026-03-28,82500
P006,2026-03-29,81300
P006,2026-03-30,80900
P006,2026-03-31,80400
P006,2026-04-01,79500
P006,2026-04-02,79900
P006,2026-04-03,79800
P006,2026-04-04,79500
P006,2026-04-05,79200
P006,2026-04-06,80300
P006,2026-04-07,80500
P006,2026-04-08,80900
P006,2026-04-09,78900
P006,2026-04-10,78400
P006,2026-04-11,76900
P006,2026-04-12,76500
P006,2026-04-13,76800
P006,2026-04-14,76300
P006,2026-04-15,76700
P006,2026-04-16,76000
P006,2026-04-17,76400
P006,2026-04-18,75300
P006,2026-04-19,75100
P006,2026-04-20,75400
P006,2026-04-21,75800
P006,2026-04-22,75700
P006,2026-04-23,77000
P006,2026-04-24,76700
P006,2026-04-25,76400
P006,2026-04-26,74400
P006,2026-04-27,75700
P006,2026-04-28,75400
P006,2026-04-29,74600
P006,2026-04-30,75500
P006,2026-05-01,76400
P006,2026-05-02,76500
P006,2026-05-03,75400
P006,2026-05-04,75700
P006,2026-05-05,75300
P006,2026-05-06,74500
P006,2026-05-07,75200
P006,2026-05-08,73700
P006,2026-05-09,74100
P006,2026-05-10,74400
P006,2026-05-11,75800
P006,2026-05-12,76100
P006,2026-05-13,74600
P006,2026-05-14,74000
P006,2026-05-15,74100
P006,2026-05-16,74300
P006,2026-05-17,75000
P006,2026-05-18,73600
P006,2026-05-19,73400
P006,2026-05-20,74100
P006,2026-05-21,75100
P006,2026-05-22,76400
P006,2026-05-23,76100
P006,2026-05-24,76900
P006,2026-05-25,78200
P006,2026-05-26,79000
P006,2026-05-27,79600
P006,2026-05-28,80200
P006,2026-05-29,79600
P006,2026-05-30,78500
P006,2026-05-31,79200
P006,2026-06-01,79000
P006,2026-06-02,79000
P006,2026-06-03,78500
P006,2026-06-04,78200
P006,2026-06-05,78400
P006,2026-06-06,77700
P006,2026-06-07,77700
P006,2026-06-08,77900
P006,2026-06-09,77800
P006,2026-06-10,77300
P006,2026-06-11,77900
P006,2026-06-12,79200
P006,2026-06-13,78800
P006,2026-06-14,79700
P006,2026-06-15,80300
P006,2026-06-16,78400
P006,2026-06-17,77800
P006,2026-06-18,77300
P006,2026-06-19,77900
P006,2026-06-20,78000
P006,2026-06-21,78400
P006,2026-06-22,78800
P006,2026-06-23,78200
P006,2026-06-24,77600
P006,2026-06-25,76800
P006,2026-06-26,76600
P006,2026-06-27,76500
P006,2026-06-28,76700
P006,2026-06-29,76200
P006,2026-06-30,76800
P006,2026-07-01,77500
P006,2026-07-02,78600
P006,2026-07-03,79100
P006,2026-07-04,79200
P006,2026-07-05,79700
P006,2026-07-06,80200
P006,2026-07-07,79700
P006,2026-07-08,80600
P006,2026-07-09,81900
P006,2026-07-10,83500
P006,2026-07-11,83500
P006,2026-07-12,83700
P006,2026-07-13,84100
P006,2026-07-14,84100
P006,2026-07-15,84500
P006,2026-07-16,84400
P006,2026-07-17,84300
P006,2026-07-18,85700
P006,2026-07-19,85800
P006,2026-07-20,85900
P006,2026-07-21,86600
P006,2026-07-22,86700
P006,2026-07-23,86900
P006,2026-07-24,86900
P006,2026-07-25,85900
P006,2026-07-26,85900
P006,2026-07-27,84900
P006,2026-07-28,85100
P006,2026-07-29,84200
P006,2026-07-30,84900
P006,2026-07-31,85500
P006,2026-08-01,85700
P006,2026-08-02,85600
P006,2026-08-03,86000
P006,2026-08-04,84400
P006,2026-08-05,83500
P006,2026-08-06,83400
P006,2026-08-07,83700
P006,2026-08-08,83600
P006,2026-08-09,82800
P006,2026-08-10,82900
P006,2026-08-11,82600
P006,2026-08-12,81800
P006,2026-08-13,82000
P006,2026-08-14,81900
P006,2026-08-15,82800
P006,2026-08-16,83300
P006,2026-08-17,83900
P006,2026-08-18,84100
P006,2026-08-19,83400
P006,2026-08-20,82700
P006,2026-08-21,81600
P006,2026-08-22,83800
P006,2026-08-23,82900
P006,2026-08-24,82800
P006,2026-08-25,82500
P006,2026-08-26,82300
P006,2026-08-27,81800
P006,2026-08-28,80400
P006,2026-08-29,79600
P006,2026-08-30,78600
P006,2026-08-31,78500
P006,2026-09-01,78000
P006,2026-09-02,77500
P006,2026-09-03,77700
P006,2026-09-04,77300
P006,2026-09-05,77900
P006,2026-09-06,77600
P006,2026-09-07,77800
P006,2026-09-08,76800
P006,2026-09-09,77300
P006,2026-09-10,77000
P006,2026-09-11,77300
P006,2026-09-12,77600
P006,2026-09-13,79999
P007,2026-03-18,81500
P007,2026-03-19,81700
P007,2026-03-20,81900
P007,2026-03-21,81500
P007,2026-03-22,81200
P007,2026-03-23,81000
P007,2026-03-24,80900
P007,2026-03-25,81100
P007,2026-03-26,80800
P007,2026-03-27,81200
P007,2026-03-28,81200
P007,2026-03-29,80600
P007,2026-03-30,80400
P007,2026-03-31,79700
P007,2026-04-01,79400
P007,2026-04-02,79300
P007,2026-04-03,79100
P007,2026-04-04,79000
P007,2026-04-05,78900
P007,2026-04-06,78700
P007,2026-04-07,79200
P007,2026-04-08,79500
P007,2026-04-09,79200
P007,2026-04-10,79500
P007,2026-04-11,79100
P007,2026-04-12,78800
P007,2026-04-13,79300
P007,2026-04-14,78600
P007,2026-04-15,78800
P007,2026-04-16,78400
P007,2026-04-17,78400
P007,2026-04-18,78300
P007,2026-04-19,78800
P007,2026-04-20,78600
P007,2026-04-21,78600
P007,2026-04-22,78700
P007,2026-04-23,78700
P007,2026-04-24,78400
P007,2026-04-25,78400
P007,2026-04-26,78400
P007,2026-04-27,78700
P007,2026-04-28,78400
P007,2026-04-29,78300
P007,2026-04-30,78400
P007,2026-05-01,78300
P007,2026-05-02,78300
P007,2026-05-03,78300
P007,2026-05-04,78100
P007,2026-05-05,77900
P007,2026-05-06,78000
P007,2026-05-07,77700
P007,2026-05-08,78000
P007,2026-05-09,78100
P007,2026-05-10,77700
P007,2026-05-11,77800
P007,2026-05-12,77800
P007,2026-05-13,78000
P007,2026-05-14,78400
P007,2026-05-15,78300
P007,2026-05-16,78100
P007,2026-05-17,77900
P007,2026-05-18,77600
P007,2026-05-19,77400
P007,2026-05-20,77500
P007,2026-05-21,77500
P007,2026-05-22,77400
P007,2026-05-23,77100
P007,2026-05-24,77200
P007,2026-05-25,77100
P007,2026-05-26,76800
P007,2026-05-27,76800
P007,2026-05-28,76700
P007,2026-05-29,76400
P007,2026-05-30,76600
P007,2026-05-31,76900
P007,2026-06-01,76900
P007,2026-06-02,76900
P007,2026-06-03,77100
P007,2026-06-04,77000
P007,2026-06-05,77300
P007,2026-06-06,77800
P007,2026-06-07,77800
P007,2026-06-08,77900
P007,2026-06-09,78200
P007,2026-06-10,78100
P007,2026-06-11,77700
P007,2026-06-12,78000
P007,2026-06-13,77600
P007,2026-06-14,78100
P007,2026-06-15,78300
P007,2026-06-16,78400
P007,2026-06-17,78400
P007,2026-06-18,78900
P007,2026-06-19,78600
P007,2026-06-20,78300
P007,2026-06-21,78100
P007,2026-06-22,78000
P007,2026-06-23,77700
P007,2026-06-24,77800
P007,2026-06-25,77800
P007,2026-06-26,77600
P007,2026-06-27,78000
P007,2026-06-28,77600
P007,2026-06-29,77300
P007,2026-06-30,77400
P007,2026-07-01,77300
P007,2026-07-02,77500
P007,2026-07-03,77300
P007,2026-07-04,77000
P007,2026-07-05,76800
P007,2026-07-06,76600
P007,2026-07-07,76800
P007,2026-07-08,76600
P007,2026-07-09,76800
P007,2026-07-10,77000
P007,2026-07-11,77300
P007,2026-07-12,77500
P007,2026-07-13,77800
P007,2026-07-14,78000
P007,2026-07-15,77800
P007,2026-07-16,77800
P007,2026-07-17,77200
P007,2026-07-18,77300
P007,2026-07-19,77100
P007,2026-07-20,77300
P007,2026-07-21,77400
P007,2026-07-22,77000
P007,2026-07-23,76700
P007,2026-07-24,76600
P007,2026-07-25,76500
P007,2026-07-26,76500
P007,2026-07-27,76200
P007,2026-07-28,76200
P007,2026-07-29,75800
P007,2026-07-30,75200
P007,2026-07-31,75400
P007,2026-08-01,75000
P007,2026-08-02,74800
P007,2026-08-03,74500
P007,2026-08-04,74100
P007,2026-08-05,74000
P007,2026-08-06,73900
P007,2026-08-07,74100
P007,2026-08-08,74200
P007,2026-08-09,74200
P007,2026-08-10,74400
P007,2026-08-11,74700
P007,2026-08-12,74800
P007,2026-08-13,74700
P007,2026-08-14,75000
P007,2026-08-15,75400
P007,2026-08-16,75600
P007,2026-08-17,76100
P007,2026-08-18,76400
P007,2026-08-19,76600
P007,2026-08-20,76300
P007,2026-08-21,76000
P007,2026-08-22,76000
P007,2026-08-23,75500
P007,2026-08-24,75400
P007,2026-08-25,75600
P007,2026-08-26,75400
P007,2026-08-27,75600
P007,2026-08-28,75200
P007,2026-08-29,75000
P007,2026-08-30,75300
P007,2026-08-31,75400
P007,2026-09-01,75500
P007,2026-09-02,75900
P007,2026-09-03,76300
P007,2026-09-04,76100
P007,2026-09-05,76400
P007,2026-09-06,76200
P007,2026-09-07,76200
P007,2026-09-08,76200
P007,2026-09-09,76500
P007,2026-09-10,76200
P007,2026-09-11,76400
P007,2026-09-12,76500
P007,2026-09-13,69999
P008,2026-03-18,64900
P008,2026-03-19,65400
P008,2026-03-20,65500
P008,2026-03-21,65000
P008,2026-03-22,65100
P008,2026-03-23,65200
P008,2026-03-24,65100
P008,2026-03-25,64800
P008,2026-03-26,64700
P008,2026-03-27,64100
P008,2026-03-28,64800
P008,2026-03-29,64300
P008,2026-03-30,64100
P008,2026-03-31,64500
P008,2026-04-01,64700
P008,2026-04-02,65000
P008,2026-04-03,65600
P008,2026-04-04,65500
P008,2026-04-05,65100
P008,2026-04-06,65400
P008,2026-04-07,65700
P008,2026-04-08,65600
P008,2026-04-09,65100
P008,2026-04-10,65600
P008,2026-04-11,65800
P008,2026-04-12,65300
P008,2026-04-13,65600
P008,2026-04-14,65000
P008,2026-04-15,64800
P008,2026-04-16,64400
P008,2026-04-17,64100
P008,2026-04-18,63800
P008,2026-04-19,63600
P008,2026-04-20,63900
P008,2026-04-21,64000
P008,2026-04-22,64200
P008,2026-04-23,64600
P008,2026-04-24,64500
P008,2026-04-25,64500
P008,2026-04-26,64700
P008,2026-04-27,65400
P008,2026-04-28,65700
P008,2026-04-29,66200
P008,2026-04-30,66600
P008,2026-05-01,67100
P008,2026-05-02,66400
P008,2026-05-03,66700
P008,2026-05-04,66800
P008,2026-05-05,66800
P008,2026-05-06,66600
P008,2026-05-07,66400
P008,2026-05-08,66600
P008,2026-05-09,66900
P008,2026-05-10,66300
P008,2026-05-11,66400
P008,2026-05-12,66200
P008,2026-05-13,65800
P008,2026-05-14,66000
P008,2026-05-15,65900
P008,2026-05-16,65600
P008,2026-05-17,65300
P008,2026-05-18,65400
P008,2026-05-19,65400
P008,2026-05-20,65000
P008,2026-05-21,64700
P008,2026-05-22,64600
P008,2026-05-23,64800
P008,2026-05-24,64400
P008,2026-05-25,64500
P008,2026-05-26,64200
P008,2026-05-27,65300
P008,2026-05-28,64900
P008,2026-05-29,64600
P008,2026-05-30,64700
P008,2026-05-31,64300
P008,2026-06-01,64600
P008,2026-06-02,65300
P008,2026-06-03,65200
P008,2026-06-04,65200
P008,2026-06-05,65000
P008,2026-06-06,65000
P008,2026-06-07,65600
P008,2026-06-08,65900
P008,2026-06-09,65600
P008,2026-06-10,66200
P008,2026-06-11,66600
P008,2026-06-12,66800
P008,2026-06-13,66600
P008,2026-06-14,66600
P008,2026-06-15,66300
P008,2026-06-16,66500
P008,2026-06-17,66300
P008,2026-06-18,65500
P008,2026-06-19,65800
P008,2026-06-20,65900
P008,2026-06-21,66300
P008,2026-06-22,66300
P008,2026-06-23,66300
P008,2026-06-24,66800
P008,2026-06-25,66900
P008,2026-06-26,67000
P008,2026-06-27,68300
P008,2026-06-28,68200
P008,2026-06-29,68300
P008,2026-06-30,69000
P008,2026-07-01,68700
P008,2026-07-02,68200
P008,2026-07-03,67700
P008,2026-07-04,67900
P008,2026-07-05,68100
P008,2026-07-06,68400
P008,2026-07-07,67900
P008,2026-07-08,68300
P008,2026-07-09,68800
P008,2026-07-10,68700
P008,2026-07-11,68700
P008,2026-07-12,69000
P008,2026-07-13,69200
P008,2026-07-14,69400
P008,2026-07-15,69000
P008,2026-07-16,68900
P008,2026-07-17,68400
P008,2026-07-18,68700
P008,2026-07-19,68900
P008,2026-07-20,68800
P008,2026-07-21,69000
P008,2026-07-22,68300
P008,2026-07-23,68700
P008,2026-07-24,68500
P008,2026-07-25,68500
P008,2026-07-26,69000
P008,2026-07-27,68700
P008,2026-07-28,69200
P008,2026-07-29,69200
P008,2026-07-30,69200
P008,2026-07-31,69400
P008,2026-08-01,68900
P008,2026-08-02,69200
P008,2026-08-03,69200
P008,2026-08-04,69600
P008,2026-08-05,69500
P008,2026-08-06,69400
P008,2026-08-07,69500
P008,2026-08-08,69500
P008,2026-08-09,69000
P008,2026-08-10,69000
P008,2026-08-11,69500
P008,2026-08-12,69400
P008,2026-08-13,69100
P008,2026-08-14,69400
P008,2026-08-15,68600
P008,2026-08-16,67800
P008,2026-08-17,67800
P008,2026-08-18,67800
P008,2026-08-19,67900
P008,2026-08-20,67600
P008,2026-08-21,67500
P008,2026-08-22,67000
P008,2026-08-23,67000
P008,2026-08-24,66400
P008,2026-08-25,66300
P008,2026-08-26,66400
P008,2026-08-27,65800
P008,2026-08-28,65600
P008,2026-08-29,65900
P008,2026-08-30,66500
P008,2026-08-31,65900
P008,2026-09-01,66000
P008,2026-09-02,65500
P008,2026-09-03,65000
P008,2026-09-04,65600
P008,2026-09-05,65900
P008,2026-09-06,65600
P008,2026-09-07,65700
P008,2026-09-08,65900
P008,2026-09-09,66000
P008,2026-09-10,66800
P008,2026-09-11,67100
P008,2026-09-12,65900
P008,2026-09-13,59999
P009,2026-03-18,72800
P009,2026-03-19,72600
P009,2026-03-20,72200
P009,2026-03-21,72700
P009,2026-03-22,72900
P009,2026-03-23,72700
P009,2026-03-24,72900
P009,2026-03-25,73200
P009,2026-03-26,73600
P009,2026-03-27,73200
P009,2026-03-28,73500
P009,2026-03-29,73300
P009,2026-03-30,73700
P009,2026-03-31,73600
P009,2026-04-01,72800
P009,2026-04-02,72800
P009,2026-04-03,72200
P009,2026-04-04,72100
P009,2026-04-05,72100
P009,2026-04-06,72000
P009,2026-04-07,71500
P009,2026-04-08,71100
P009,2026-04-09,70800
P009,2026-04-10,70700
P009,2026-04-11,71200
P009,2026-04-12,71400
P009,2026-04-13,71200
P009,2026-04-14,71700
P009,2026-04-15,71200
P009,2026-04-16,71400
P009,2026-04-17,71400
P009,2026-04-18,71500
P009,2026-04-19,71700
P009,2026-04-20,71400
P009,2026-04-21,71700
P009,2026-04-22,71700
P009,2026-04-23,72500
P009,2026-04-24,72400
P009,2026-04-25,72900
P009,2026-04-26,73100
P009,2026-04-27,72700
P009,2026-04-28,73200
P009,2026-04-29,72800
P009,2026-04-30,72000
P009,2026-05-01,72300
P009,2026-05-02,72700
P009,2026-05-03,72700
P009,2026-05-04,72600
P009,2026-05-05,73100
P009,2026-05-06,73400
P009,2026-05-07,73200
P009,2026-05-08,73400
P009,2026-05-09,73000
P009,2026-05-10,72800
P009,2026-05-11,72400
P009,2026-05-12,71700
P009,2026-05-13,71300
P009,2026-05-14,71700
P009,2026-05-15,71300
P009,2026-05-16,71100
P009,2026-05-17,70700
P009,2026-05-18,71000
P009,2026-05-19,71000
P009,2026-05-20,71200
P009,2026-05-21,71100
P009,2026-05-22,70700
P009,2026-05-23,70400
P009,2026-05-24,70700
P009,2026-05-25,70700
P009,2026-05-26,70900
P009,2026-05-27,69900
P009,2026-05-28,70200
P009,2026-05-29,70100
P009,2026-05-30,70800
P009,2026-05-31,70600
P009,2026-06-01,70600
P009,2026-06-02,70900
P009,2026-06-03,70600
P009,2026-06-04,70900
P009,2026-06-05,70600
P009,2026-06-06,71100
P009,2026-06-07,71300
P009,2026-06-08,71500
P009,2026-06-09,71300
P009,2026-06-10,71200
P009,2026-06-11,71300
P009,2026-06-12,70600
P009,2026-06-13,70400
P009,2026-06-14,70700
P009,2026-06-15,70300
P009,2026-06-16,70700
P009,2026-06-17,70500
P009,2026-06-18,70600
P009,2026-06-19,70200
P009,2026-06-20,70400
P009,2026-06-21,70600
P009,2026-06-22,70900
P009,2026-06-23,71400
P009,2026-06-24,71800
P009,2026-06-25,71900
P009,2026-06-26,71500
P009,2026-06-27,71900
P009,2026-06-28,71500
P009,2026-06-29,71300
P009,2026-06-30,71600
P009,2026-07-01,71700
P009,2026-07-02,72300
P009,2026-07-03,72300
P009,2026-07-04,71700
P009,2026-07-05,71600
P009,2026-07-06,71700
P009,2026-07-07,71500
P009,2026-07-08,72000
P009,2026-07-09,71900
P009,2026-07-10,71500
P009,2026-07-11,71600
P009,2026-07-12,71200
P009,2026-07-13,71800
P009,2026-07-14,71900
P009,2026-07-15,71400
P009,2026-07-16,71800
P009,2026-07-17,72600
P009,2026-07-18,71900
P009,2026-07-19,72200
P009,2026-07-20,72400
P009,2026-07-21,72400
P009,2026-07-22,72500
P009,2026-07-23,72700
P009,2026-07-24,72500
P009,2026-07-25,73000
P009,2026-07-26,72500
P009,2026-07-27,73200
P009,2026-07-28,73700
P009,2026-07-29,73300
P009,2026-07-30,73300
P009,2026-07-31,73800
P009,2026-08-01,73600
P009,2026-08-02,73600
P009,2026-08-03,73400
P009,2026-08-04,73800
P009,2026-08-05,73600
P009,2026-08-06,73600
P009,2026-08-07,73800
P009,2026-08-08,73700
P009,2026-08-09,73400
P009,2026-08-10,72900
P009,2026-08-11,72400
P009,2026-08-12,72000
P009,2026-08-13,71400
P009,2026-08-14,71200
P009,2026-08-15,71300
P009,2026-08-16,71300
P009,2026-08-17,71000
P009,2026-08-18,70700
P009,2026-08-19,70300
P009,2026-08-20,69900
P009,2026-08-21,69500
P009,2026-08-22,69700
P009,2026-08-23,69200
P009,2026-08-24,69200
P009,2026-08-25,69000
P009,2026-08-26,69800
P009,2026-08-27,69200
P009,2026-08-28,69300
P009,2026-08-29,69200
P009,2026-08-30,68900
P009,2026-08-31,69000
P009,2026-09-01,69100
P009,2026-09-02,68700
P009,2026-09-03,68900
P009,2026-09-04,69000
P009,2026-09-05,69400
P009,2026-09-06,69200
P009,2026-09-07,69700
P009,2026-09-08,69600
P009,2026-09-09,69000
P009,2026-09-10,69200
P009,2026-09-11,69100
P009,2026-09-12,68800
P009,2026-09-13,64999
P010,2026-03-18,74200
P010,2026-03-19,74500
P010,2026-03-20,74800
P010,2026-03-21,75100
P010,2026-03-22,74600
P010,2026-03-23,75000
P010,2026-03-24,75000
P010,2026-03-25,76000
P010,2026-03-26,76200
P010,2026-03-27,76600
P010,2026-03-28,76200
P010,2026-03-29,76000
P010,2026-03-30,76000
P010,2026-03-31,75500
P010,2026-04-01,74900
P010,2026-04-02,74900
P010,2026-04-03,74800
P010,2026-04-04,74900
P010,2026-04-05,75500
P010,2026-04-06,75300
P010,2026-04-07,75600
P010,2026-04-08,75500
P010,2026-04-09,75400
P010,2026-04-10,75600
P010,2026-04-11,74600
P010,2026-04-12,74600
P010,2026-04-13,74300
P010,2026-04-14,73900
P010,2026-04-15,73000
P010,2026-04-16,72800
P010,2026-04-17,71900
P010,2026-04-18,72300
P010,2026-04-19,72200
P010,2026-04-20,71500
P010,2026-04-21,71200
P010,2026-04-22,71500
P010,2026-04-23,71200
P010,2026-04-24,71100
P010,2026-04-25,70900
P010,2026-04-26,70900
P010,2026-04-27,70100
P010,2026-04-28,70100
P010,2026-04-29,69900
P010,2026-04-30,71200
P010,2026-05-01,71100
P010,2026-05-02,70900
P010,2026-05-03,71300
P010,2026-05-04,71200
P010,2026-05-05,71300
P010,2026-05-06,71000
P010,2026-05-07,71600
P010,2026-05-08,71400
P010,2026-05-09,71500
P010,2026-05-10,72000
P010,2026-05-11,71900
P010,2026-05-12,71900
P010,2026-05-13,72200
P010,2026-05-14,72500
P010,2026-05-15,72000
P010,2026-05-16,72100
P010,2026-05-17,71600
P010,2026-05-18,71300
P010,2026-05-19,71000
P010,2026-05-20,71500
P010,2026-05-21,72300
P010,2026-05-22,73400
P010,2026-05-23,73400
P010,2026-05-24,73000
P010,2026-05-25,72600
P010,2026-05-26,73300
P010,2026-05-27,72600
P010,2026-05-28,72500
P010,2026-05-29,72200
P010,2026-05-30,73000
P010,2026-05-31,72500
P010,2026-06-01,73000
P010,2026-06-02,73600
P010,2026-06-03,73600
P010,2026-06-04,73800
P010,2026-06-05,73100
P010,2026-06-06,73000
P010,2026-06-07,72900
P010,2026-06-08,71700
P010,2026-06-09,71900
P010,2026-06-10,72100
P010,2026-06-11,71300
P010,2026-06-12,70700
P010,2026-06-13,70400
P010,2026-06-14,70100
P010,2026-06-15,70000
P010,2026-06-16,69600
P010,2026-06-17,69100
P010,2026-06-18,69300
P010,2026-06-19,69100
P010,2026-06-20,69000
P010,2026-06-21,68900
P010,2026-06-22,69100
P010,2026-06-23,69100
P010,2026-06-24,69400
P010,2026-06-25,69500
P010,2026-06-26,69900
P010,2026-06-27,70400
P010,2026-06-28,69800
P010,2026-06-29,70200
P010,2026-06-30,70900
P010,2026-07-01,70500
P010,2026-07-02,70500
P010,2026-07-03,70300
P010,2026-07-04,70500
P010,2026-07-05,70800
P010,2026-07-06,70500
P010,2026-07-07,71000
P010,2026-07-08,70700
P010,2026-07-09,70600
P010,2026-07-10,71100
P010,2026-07-11,71900
P010,2026-07-12,71700
P010,2026-07-13,72000
P010,2026-07-14,72100
P010,2026-07-15,71400
P010,2026-07-16,71000
P010,2026-07-17,70500
P010,2026-07-18,70200
P010,2026-07-19,70100
P010,2026-07-20,70100
P010,2026-07-21,70600
P010,2026-07-22,70800
P010,2026-07-23,72000
P010,2026-07-24,71900
P010,2026-07-25,72200
P010,2026-07-26,72400
P010,2026-07-27,73100
P010,2026-07-28,72900
P010,2026-07-29,73300
P010,2026-07-30,74100
P010,2026-07-31,73700
P010,2026-08-01,73700
P010,2026-08-02,73900
P010,2026-08-03,73700
P010,2026-08-04,73300
P010,2026-08-05,74200
P010,2026-08-06,74100
P010,2026-08-07,74900
P010,2026-08-08,74600
P010,2026-08-09,74500
P010,2026-08-10,74900
P010,2026-08-11,74800
P010,2026-08-12,74400
P010,2026-08-13,74100
P010,2026-08-14,74200
P010,2026-08-15,73900
P010,2026-08-16,73900
P010,2026-08-17,72900
P010,2026-08-18,72600
P010,2026-08-19,72500
P010,2026-08-20,72300
P010,2026-08-21,71900
P010,2026-08-22,71500
P010,2026-08-23,71500
P010,2026-08-24,72200
P010,2026-08-25,71500
P010,2026-08-26,71400
P010,2026-08-27,71800
P010,2026-08-28,72000
P010,2026-08-29,71900
P010,2026-08-30,71700
P010,2026-08-31,71700
P010,2026-09-01,71700
P010,2026-09-02,70700
P010,2026-09-03,70400
P010,2026-09-04,69500
P010,2026-09-05,70100
P010,2026-09-06,70500
P010,2026-09-07,70100
P010,2026-09-08,70500
P010,2026-09-09,71500
P010,2026-09-10,71300
P010,2026-09-11,71800
P010,2026-09-12,72000
P010,2026-09-13,67999
P011,2026-03-18,33600
P011,2026-03-19,33100
P011,2026-03-20,33200
P011,2026-03-21,33200
P011,2026-03-22,33300
P011,2026-03-23,33200
P011,2026-03-24,33800
P011,2026-03-25,33500
P011,2026-03-26,33300
P011,2026-03-27,33400
P011,2026-03-28,33900
P011,2026-03-29,33700
P011,2026-03-30,34100
P011,2026-03-31,33900
P011,2026-04-01,34200
P011,2026-04-02,34200
P011,2026-04-03,34800
P011,2026-04-04,35200
P011,2026-04-05,35000
P011,2026-04-06,35700
P011,2026-04-07,35400
P011,2026-04-08,35400
P011,2026-04-09,35800
P011,2026-04-10,35600
P011,2026-04-11,35500
P011,2026-04-12,35500
P011,2026-04-13,35600
P011,2026-04-14,35700
P011,2026-04-15,35500
P011,2026-04-16,35600
P011,2026-04-17,35700
P011,2026-04-18,36100
P011,2026-04-19,36200
P011,2026-04-20,35900
P011,2026-04-21,35900
P011,2026-04-22,35700
P011,2026-04-23,36000
P011,2026-04-24,35600
P011,2026-04-25,35800
P011,2026-04-26,35500
P011,2026-04-27,35800
P011,2026-04-28,36000
P011,2026-04-29,36000
P011,2026-04-30,36200
P011,2026-05-01,36100
P011,2026-05-02,36300
P011,2026-05-03,36200
P011,2026-05-04,36400
P011,2026-05-05,36400
P011,2026-05-06,35800
P011,2026-05-07,35700
P011,2026-05-08,36100
P011,2026-05-09,36400
P011,2026-05-10,36400
P011,2026-05-11,36400
P011,2026-05-12,36300
P011,2026-05-13,36500
P011,2026-05-14,36600
P011,2026-05-15,36400
P011,2026-05-16,36500
P011,2026-05-17,36900
P011,2026-05-18,36600
P011,2026-05-19,36600
P011,2026-05-20,36700
P011,2026-05-21,36900
P011,2026-05-22,36800
P011,2026-05-23,36600
P011,2026-05-24,36500
P011,2026-05-25,36600
P011,2026-05-26,36700
P011,2026-05-27,36700
P011,2026-05-28,36400
P011,2026-05-29,36100
P011,2026-05-30,36300
P011,2026-05-31,36000
P011,2026-06-01,36000
P011,2026-06-02,35900
P011,2026-06-03,35800
P011,2026-06-04,35800
P011,2026-06-05,36200
P011,2026-06-06,36300
P011,2026-06-07,36200
P011,2026-06-08,35800
P011,2026-06-09,36000
P011,2026-06-10,36200
P011,2026-06-11,36400
P011,2026-06-12,36700
P011,2026-06-13,36800
P011,2026-06-14,36500
P011,2026-06-15,36400
P011,2026-06-16,36600
P011,2026-06-17,36800
P011,2026-06-18,36600
P011,2026-06-19,36600
P011,2026-06-20,36700
P011,2026-06-21,37000
P011,2026-06-22,37300
P011,2026-06-23,37400
P011,2026-06-24,37500
P011,2026-06-25,37200
P011,2026-06-26,37000
P011,2026-06-27,36900
P011,2026-06-28,37200
P011,2026-06-29,37300
P011,2026-06-30,37400
P011,2026-07-01,37100
P011,2026-07-02,36700
P011,2026-07-03,37000
P011,2026-07-04,37000
P011,2026-07-05,36600
P011,2026-07-06,36900
P011,2026-07-07,36900
P011,2026-07-08,37500
P011,2026-07-09,37500
P011,2026-07-10,37500
P011,2026-07-11,37500
P011,2026-07-12,37500
P011,2026-07-13,37500
P011,2026-07-14,37100
P011,2026-07-15,37300
P011,2026-07-16,37400
P011,2026-07-17,36700
P011,2026-07-18,36600
P011,2026-07-19,36400
P011,2026-07-20,36600
P011,2026-07-21,36600
P011,2026-07-22,37000
P011,2026-07-23,36600
P011,2026-07-24,36300
P011,2026-07-25,36500
P011,2026-07-26,36400
P011,2026-07-27,36100
P011,2026-07-28,36000
P011,2026-07-29,35800
P011,2026-07-30,35900
P011,2026-07-31,36200
P011,2026-08-01,35800
P011,2026-08-02,35800
P011,2026-08-03,35800
P011,2026-08-04,35800
P011,2026-08-05,36000
P011,2026-08-06,36000
P011,2026-08-07,35900
P011,2026-08-08,35600
P011,2026-08-09,35200
P011,2026-08-10,35100
P011,2026-08-11,35100
P011,2026-08-12,35300
P011,2026-08-13,35200
P011,2026-08-14,35800
P011,2026-08-15,35700
P011,2026-08-16,35600
P011,2026-08-17,35700
P011,2026-08-18,35500
P011,2026-08-19,35500
P011,2026-08-20,35000
P011,2026-08-21,35200
P011,2026-08-22,35200
P011,2026-08-23,35300
P011,2026-08-24,35300
P011,2026-08-25,35000
P011,2026-08-26,34800
P011,2026-08-27,35200
P011,2026-08-28,35300
P011,2026-08-29,35100
P011,2026-08-30,35200
P011,2026-08-31,35300
P011,2026-09-01,35800
P011,2026-09-02,36100
P011,2026-09-03,36200
P011,2026-09-04,36000
P011,2026-09-05,36500
P011,2026-09-06,36500
P011,2026-09-07,36200
P011,2026-09-08,35900
P011,2026-09-09,35700
P011,2026-09-10,35600
P011,2026-09-11,35800
P011,2026-09-12,36100
P011,2026-09-13,29999
P012,2026-03-18,30600
P012,2026-03-19,30700
P012,2026-03-20,30900
P012,2026-03-21,30700
P012,2026-03-22,30600
P012,2026-03-23,30500
P012,2026-03-24,30100
P012,2026-03-25,30100
P012,2026-03-26,30300
P012,2026-03-27,30200
P012,2026-03-28,30200
P012,2026-03-29,30100
P012,2026-03-30,30000
P012,2026-03-31,30100
P012,2026-04-01,29900
P012,2026-04-02,30100
P012,2026-04-03,29800
P012,2026-04-04,29800
P012,2026-04-05,29700
P012,2026-04-06,30000
P012,2026-04-07,30100
P012,2026-04-08,29800
P012,2026-04-09,29400
P012,2026-04-10,29200
P012,2026-04-11,29200
P012,2026-04-12,29100
P012,2026-04-13,29100
P012,2026-04-14,29200
P012,2026-04-15,29000
P012,2026-04-16,28800
P012,2026-04-17,28800
P012,2026-04-18,28800
P012,2026-04-19,28700
P012,2026-04-20,28700
P012,2026-04-21,28600
P012,2026-04-22,28800
P012,2026-04-23,28600
P012,2026-04-24,28400
P012,2026-04-25,28500
P012,2026-04-26,28700
P012,2026-04-27,28700
P012,2026-04-28,28500
P012,2026-04-29,28200
P012,2026-04-30,28300
P012,2026-05-01,28100
P012,2026-05-02,28400
P012,2026-05-03,28700
P012,2026-05-04,28800
P012,2026-05-05,28900
P012,2026-05-06,28800
P012,2026-05-07,29000
P012,2026-05-08,29000
P012,2026-05-09,29000
P012,2026-05-10,29200
P012,2026-05-11,29300
P012,2026-05-12,29600
P012,2026-05-13,29400
P012,2026-05-14,29300
P012,2026-05-15,29200
P012,2026-05-16,29300
P012,2026-05-17,29200
P012,2026-05-18,29300
P012,2026-05-19,29100
P012,2026-05-20,29100
P012,2026-05-21,29500
P012,2026-05-22,29700
P012,2026-05-23,29400
P012,2026-05-24,29500
P012,2026-05-25,29600
P012,2026-05-26,29500
P012,2026-05-27,29400
P012,2026-05-28,29500
P012,2026-05-29,29500
P012,2026-05-30,29600
P012,2026-05-31,29500
P012,2026-06-01,29900
P012,2026-06-02,29700
P012,2026-06-03,29700
P012,2026-06-04,29700
P012,2026-06-05,29900
P012,2026-06-06,29600
P012,2026-06-07,29800
P012,2026-06-08,29600
P012,2026-06-09,29600
P012,2026-06-10,29600
P012,2026-06-11,29500
P012,2026-06-12,29600
P012,2026-06-13,29300
P012,2026-06-14,29200
P012,2026-06-15,29000
P012,2026-06-16,29200
P012,2026-06-17,29400
P012,2026-06-18,29500
P012,2026-06-19,29700
P012,2026-06-20,29400
P012,2026-06-21,29400
P012,2026-06-22,29200
P012,2026-06-23,29100
P012,2026-06-24,29200
P012,2026-06-25,29200
P012,2026-06-26,29400
P012,2026-06-27,29100
P012,2026-06-28,29000
P012,2026-06-29,28800
P012,2026-06-30,28500
P012,2026-07-01,28700
P012,2026-07-02,28700
P012,2026-07-03,28900
P012,2026-07-04,29100
P012,2026-07-05,29100
P012,2026-07-06,29000
P012,2026-07-07,29100
P012,2026-07-08,29000
P012,2026-07-09,28800
P012,2026-07-10,28700
P012,2026-07-11,28700
P012,2026-07-12,28900
P012,2026-07-13,28900
P012,2026-07-14,29100
P012,2026-07-15,29100
P012,2026-07-16,29000
P012,2026-07-17,29400
P012,2026-07-18,29700
P012,2026-07-19,29700
P012,2026-07-20,29600
P012,2026-07-21,29300
P012,2026-07-22,29400
P012,2026-07-23,29400
P012,2026-07-24,29400
P012,2026-07-25,29500
P012,2026-07-26,29500
P012,2026-07-27,29700
P012,2026-07-28,29800
P012,2026-07-29,29700
P012,2026-07-30,29500
P012,2026-07-31,29600
P012,2026-08-01,29500
P012,2026-08-02,29600
P012,2026-08-03,29700
P012,2026-08-04,29700
P012,2026-08-05,29600
P012,2026-08-06,29300
P012,2026-08-07,29100
P012,2026-08-08,28900
P012,2026-08-09,28900
P012,2026-08-10,28800
P012,2026-08-11,28700
P012,2026-08-12,28800
P012,2026-08-13,28800
P012,2026-08-14,28800
P012,2026-08-15,28900
P012,2026-08-16,29100
P012,2026-08-17,28800
P012,2026-08-18,28900
P012,2026-08-19,28700
P012,2026-08-20,28600
P012,2026-08-21,28700
P012,2026-08-22,28800
P012,2026-08-23,28900
P012,2026-08-24,28900
P012,2026-08-25,29100
P012,2026-08-26,28900
P012,2026-08-27,28900
P012,2026-08-28,28900
P012,2026-08-29,29200
P012,2026-08-30,29300
P012,2026-08-31,29500
P012,2026-09-01,29400
P012,2026-09-02,29700
P012,2026-09-03,29800
P012,2026-09-04,29600
P012,2026-09-05,30000
P012,2026-09-06,29800
P012,2026-09-07,29600
P012,2026-09-08,29600
P012,2026-09-09,29400
P012,2026-09-10,29500
P012,2026-09-11,29600
P012,2026-09-12,29600
P012,2026-09-13,27999
P013,2026-03-18,27300
P013,2026-03-19,27700
P013,2026-03-20,28200
P013,2026-03-21,28800
P013,2026-03-22,28700
P013,2026-03-23,28400
P013,2026-03-24,28500
P013,2026-03-25,28500
P013,2026-03-26,28000
P013,2026-03-27,28200
P013,2026-03-28,28000
P013,2026-03-29,28300
P013,2026-03-30,28600
P013,2026-03-31,28500
P013,2026-04-01,28500
P013,2026-04-02,28500
P013,2026-04-03,28300
P013,2026-04-04,29200
P013,2026-04-05,28900
P013,2026-04-06,28900
P013,2026-04-07,29200
P013,2026-04-08,29100
P013,2026-04-09,28900
P013,2026-04-10,28500
P013,2026-04-11,28900
P013,2026-04-12,29100
P013,2026-04-13,29200
P013,2026-04-14,28800
P013,2026-04-15,28900
P013,2026-04-16,29000
P013,2026-04-17,28900
P013,2026-04-18,28500
P013,2026-04-19,28500
P013,2026-04-20,28300
P013,2026-04-21,28300
P013,2026-04-22,28300
P013,2026-04-23,28200
P013,2026-04-24,28500
P013,2026-04-25,28400
P013,2026-04-26,28600
P013,2026-04-27,28700
P013,2026-04-28,29000
P013,2026-04-29,28700
P013,2026-04-30,28600
P013,2026-05-01,28900
P013,2026-05-02,28900
P013,2026-05-03,29200
P013,2026-05-04,29400
P013,2026-05-05,29300
P013,2026-05-06,29500
P013,2026-05-07,29400
P013,2026-05-08,29700
P013,2026-05-09,30200
P013,2026-05-10,30500
P013,2026-05-11,31200
P013,2026-05-12,30700
P013,2026-05-13,30600
P013,2026-05-14,30500
P013,2026-05-15,30400
P013,2026-05-16,30500
P013,2026-05-17,30400
P013,2026-05-18,30700
P013,2026-05-19,31000
P013,2026-05-20,31100
P013,2026-05-21,30800
P013,2026-05-22,31000
P013,2026-05-23,31100
P013,2026-05-24,31200
P013,2026-05-25,31200
P013,2026-05-26,31200
P013,2026-05-27,31100
P013,2026-05-28,31000
P013,2026-05-29,31200
P013,2026-05-30,31200
P013,2026-05-31,31200
P013,2026-06-01,31200
P013,2026-06-02,30800
P013,2026-06-03,30400
P013,2026-06-04,30300
P013,2026-06-05,30500
P013,2026-06-06,30800
P013,2026-06-07,30200
P013,2026-06-08,30400
P013,2026-06-09,30400
P013,2026-06-10,30100
P013,2026-06-11,30700
P013,2026-06-12,30800
P013,2026-06-13,31000
P013,2026-06-14,31200
P013,2026-06-15,31100
P013,2026-06-16,31000
P013,2026-06-17,31200
P013,2026-06-18,30900
P013,2026-06-19,30900
P013,2026-06-20,30900
P013,2026-06-21,31200
P013,2026-06-22,31200
P013,2026-06-23,31000
P013,2026-06-24,31200
P013,2026-06-25,31200
P013,2026-06-26,30900
P013,2026-06-27,30700
P013,2026-06-28,30600
P013,2026-06-29,30300
P013,2026-06-30,30600
P013,2026-07-01,30500
P013,2026-07-02,30400
P013,2026-07-03,30100
P013,2026-07-04,30000
P013,2026-07-05,30400
P013,2026-07-06,30600
P013,2026-07-07,30200
P013,2026-07-08,29900
P013,2026-07-09,30100
P013,2026-07-10,29900
P013,2026-07-11,29800
P013,2026-07-12,29500
P013,2026-07-13,29200
P013,2026-07-14,29200
P013,2026-07-15,29100
P013,2026-07-16,29400
P013,2026-07-17,29400
P013,2026-07-18,29100
P013,2026-07-19,29300
P013,2026-07-20,29700
P013,2026-07-21,29500
P013,2026-07-22,29000
P013,2026-07-23,28900
P013,2026-07-24,28500
P013,2026-07-25,28900
P013,2026-07-26,28600
P013,2026-07-27,28500
P013,2026-07-28,28900
P013,2026-07-29,29100
P013,2026-07-30,29000
P013,2026-07-31,28800
P013,2026-08-01,28700
P013,2026-08-02,28600
P013,2026-08-03,29000
P013,2026-08-04,29000
P013,2026-08-05,28600
P013,2026-08-06,28900
P013,2026-08-07,29200
P013,2026-08-08,29100
P013,2026-08-09,29300
P013,2026-08-10,29300
P013,2026-08-11,29000
P013,2026-08-12,29000
P013,2026-08-13,28700
P013,2026-08-14,28500
P013,2026-08-15,28300
P013,2026-08-16,28400
P013,2026-08-17,28400
P013,2026-08-18,28100
P013,2026-08-19,27800
P013,2026-08-20,27800
P013,2026-08-21,27900
P013,2026-08-22,28000
P013,2026-08-23,27400
P013,2026-08-24,27700
P013,2026-08-25,28200
P013,2026-08-26,28600
P013,2026-08-27,28700
P013,2026-08-28,28900
P013,2026-08-29,28700
P013,2026-08-30,28800
P013,2026-08-31,28500
P013,2026-09-01,28500
P013,2026-09-02,28100
P013,2026-09-03,28300
P013,2026-09-04,28200
P013,2026-09-05,28400
P013,2026-09-06,28400
P013,2026-09-07,28300
P013,2026-09-08,28500
P013,2026-09-09,28200
P013,2026-09-10,28200
P013,2026-09-11,28000
P013,2026-09-12,28200
P013,2026-09-13,24999
P014,2026-03-18,24400
P014,2026-03-19,24300
P014,2026-03-20,24400
P014,2026-03-21,24500
P014,2026-03-22,24500
P014,2026-03-23,24600
P014,2026-03-24,24600
P014,2026-03-25,24600
P014,2026-03-26,24600
P014,2026-03-27,24500
P014,2026-03-28,24500
P014,2026-03-29,24400
P014,2026-03-30,24400
P014,2026-03-31,24300
P014,2026-04-01,24300
P014,2026-04-02,24100
P014,2026-04-03,24200
P014,2026-04-04,24200
P014,2026-04-05,24200
P014,2026-04-06,24200
P014,2026-04-07,24100
P014,2026-04-08,24200
P014,2026-04-09,24200
P014,2026-04-10,24400
P014,2026-04-11,24300
P014,2026-04-12,24300
P014,2026-04-13,24100
P014,2026-04-14,24100
P014,2026-04-15,24000
P014,2026-04-16,23900
P014,2026-04-17,24000
P014,2026-04-18,23900
P014,2026-04-19,24000
P014,2026-04-20,23800
P014,2026-04-21,23800
P014,2026-04-22,23900
P014,2026-04-23,24000
P014,2026-04-24,24000
P014,2026-04-25,24000
P014,2026-04-26,24100
P014,2026-04-27,24200
P014,2026-04-28,24300
P014,2026-04-29,24200
P014,2026-04-30,24200
P014,2026-05-01,24300
P014,2026-05-02,24300
P014,2026-05-03,24400
P014,2026-05-04,24500
P014,2026-05-05,24500
P014,2026-05-06,24300
P014,2026-05-07,24500
P014,2026-05-08,24500
P014,2026-05-09,24400
P014,2026-05-10,24400
P014,2026-05-11,24400
P014,2026-05-12,24500
P014,2026-05-13,24600
P014,2026-05-14,24600
P014,2026-05-15,24600
P014,2026-05-16,24600
P014,2026-05-17,24700
P014,2026-05-18,24500
P014,2026-05-19,24400
P014,2026-05-20,24400
P014,2026-05-21,24300
P014,2026-05-22,24200
P014,2026-05-23,24300
P014,2026-05-24,24200
P014,2026-05-25,24200
P014,2026-05-26,24200
P014,2026-05-27,24300
P014,2026-05-28,24200
P014,2026-05-29,24100
P014,2026-05-30,24300
P014,2026-05-31,24300
P014,2026-06-01,24400
P014,2026-06-02,24400
P014,2026-06-03,24200
P014,2026-06-04,24200
P014,2026-06-05,24200
P014,2026-06-06,24300
P014,2026-06-07,24400
P014,2026-06-08,24500
P014,2026-06-09,24400
P014,2026-06-10,24400
P014,2026-06-11,24400
P014,2026-06-12,24300
P014,2026-06-13,24200
P014,2026-06-14,24300
P014,2026-06-15,24300
P014,2026-06-16,24300
P014,2026-06-17,24200
P014,2026-06-18,24100
P014,2026-06-19,24400
P014,2026-06-20,24400
P014,2026-06-21,24400
P014,2026-06-22,24400
P014,2026-06-23,24300
P014,2026-06-24,24500
P014,2026-06-25,24500
P014,2026-06-26,24500
P014,2026-06-27,24700
P014,2026-06-28,24600
P014,2026-06-29,24600
P014,2026-06-30,24500
P014,2026-07-01,24400
P014,2026-07-02,24400
P014,2026-07-03,24500
P014,2026-07-04,24500
P014,2026-07-05,24600
P014,2026-07-06,24600
P014,2026-07-07,24700
P014,2026-07-08,24700
P014,2026-07-09,24800
P014,2026-07-10,24700
P014,2026-07-11,24800
P014,2026-07-12,24800
P014,2026-07-13,24900
P014,2026-07-14,25100
P014,2026-07-15,24900
P014,2026-07-16,24800
P014,2026-07-17,24800
P014,2026-07-18,25000
P014,2026-07-19,24900
P014,2026-07-20,25200
P014,2026-07-21,25100
P014,2026-07-22,25100
P014,2026-07-23,25000
P014,2026-07-24,25100
P014,2026-07-25,25000
P014,2026-07-26,25000
P014,2026-07-27,24800
P014,2026-07-28,24800
P014,2026-07-29,24700
P014,2026-07-30,24500
P014,2026-07-31,24500
P014,2026-08-01,24500
P014,2026-08-02,24600
P014,2026-08-03,24500
P014,2026-08-04,24500
P014,2026-08-05,24600
P014,2026-08-06,24500
P014,2026-08-07,24500
P014,2026-08-08,24400
P014,2026-08-09,24500
P014,2026-08-10,24500
P014,2026-08-11,24600
P014,2026-08-12,24600
P014,2026-08-13,24700
P014,2026-08-14,24700
P014,2026-08-15,24700
P014,2026-08-16,24600
P014,2026-08-17,24400
P014,2026-08-18,24400
P014,2026-08-19,24400
P014,2026-08-20,24500
P014,2026-08-21,24400
P014,2026-08-22,24400
P014,2026-08-23,24300
P014,2026-08-24,24300
P014,2026-08-25,24300
P014,2026-08-26,24500
P014,2026-08-27,24400
P014,2026-08-28,24500
P014,2026-08-29,24400
P014,2026-08-30,24400
P014,2026-08-31,24300
P014,2026-09-01,24400
P014,2026-09-02,24500
P014,2026-09-03,24500
P014,2026-09-04,24500
P014,2026-09-05,24400
P014,2026-09-06,24500
P014,2026-09-07,24700
P014,2026-09-08,24700
P014,2026-09-09,24700
P014,2026-09-10,24700
P014,2026-09-11,24700
P014,2026-09-12,24700
P014,2026-09-13,22999
P015,2026-03-18,51200
P015,2026-03-19,51100
P015,2026-03-20,51000
P015,2026-03-21,50900
P015,2026-03-22,50600
P015,2026-03-23,50900
P015,2026-03-24,51000
P015,2026-03-25,51200
P015,2026-03-26,51100
P015,2026-03-27,51400
P015,2026-03-28,51400
P015,2026-03-29,51700
P015,2026-03-30,51700
P015,2026-03-31,51700
P015,2026-04-01,51600
P015,2026-04-02,51600
P015,2026-04-03,51700
P015,2026-04-04,52000
P015,2026-04-05,52300
P015,2026-04-06,52400
P015,2026-04-07,52600
P015,2026-04-08,52000
P015,2026-04-09,51900
P015,2026-04-10,52000
P015,2026-04-11,52200
P015,2026-04-12,52300
P015,2026-04-13,52200
P015,2026-04-14,52100
P015,2026-04-15,52000
P015,2026-04-16,52400
P015,2026-04-17,52600
P015,2026-04-18,52900
P015,2026-04-19,52900
P015,2026-04-20,52800
P015,2026-04-21,52900
P015,2026-04-22,52900
P015,2026-04-23,52900
P015,2026-04-24,52900
P015,2026-04-25,52700
P015,2026-04-26,52500
P015,2026-04-27,52500
P015,2026-04-28,52200
P015,2026-04-29,52300
P015,2026-04-30,52500
P015,2026-05-01,52300
P015,2026-05-02,51900
P015,2026-05-03,52000
P015,2026-05-04,52100
P015,2026-05-05,52100
P015,2026-05-06,51800
P015,2026-05-07,51400
P015,2026-05-08,51800
P015,2026-05-09,51700
P015,2026-05-10,51800
P015,2026-05-11,51800
P015,2026-05-12,51900
P015,2026-05-13,51600
P015,2026-05-14,51500
P015,2026-05-15,51200
P015,2026-05-16,51000
P015,2026-05-17,50900
P015,2026-05-18,50500
P015,2026-05-19,50400
P015,2026-05-20,50200
P015,2026-05-21,50000
P015,2026-05-22,50000
P015,2026-05-23,50000
P015,2026-05-24,49800
P015,2026-05-25,50200
P015,2026-05-26,50300
P015,2026-05-27,50600
P015,2026-05-28,50500
P015,2026-05-29,50700
P015,2026-05-30,50900
P015,2026-05-31,50600
P015,2026-06-01,50500
P015,2026-06-02,51100
P015,2026-06-03,51000
P015,2026-06-04,51100
P015,2026-06-05,51100
P015,2026-06-06,51300
P015,2026-06-07,51000
P015,2026-06-08,50800
P015,2026-06-09,51100
P015,2026-06-10,51100
P015,2026-06-11,50600
P015,2026-06-12,50600
P015,2026-06-13,50600
P015,2026-06-14,50700
P015,2026-06-15,50800
P015,2026-06-16,50800
P015,2026-06-17,50900
P015,2026-06-18,50900
P015,2026-06-19,50700
P015,2026-06-20,50500
P015,2026-06-21,50300
P015,2026-06-22,50100
P015,2026-06-23,50200
P015,2026-06-24,50400
P015,2026-06-25,50600
P015,2026-06-26,50400
P015,2026-06-27,50300
P015,2026-06-28,50200
P015,2026-06-29,50500
P015,2026-06-30,50600
P015,2026-07-01,50900
P015,2026-07-02,50700
P015,2026-07-03,50700
P015,2026-07-04,50400
P015,2026-07-05,50100
P015,2026-07-06,50100
P015,2026-07-07,50000
P015,2026-07-08,49900
P015,2026-07-09,49600
P015,2026-07-10,49700
P015,2026-07-11,49600
P015,2026-07-12,49800
P015,2026-07-13,49900
P015,2026-07-14,49600
P015,2026-07-15,49700
P015,2026-07-16,49600
P015,2026-07-17,49900
P015,2026-07-18,49900
P015,2026-07-19,49800
P015,2026-07-20,49700
P015,2026-07-21,49400
P015,2026-07-22,49700
P015,2026-07-23,50100
P015,2026-07-24,49700
P015,2026-07-25,49700
P015,2026-07-26,49700
P015,2026-07-27,49500
P015,2026-07-28,49800
P015,2026-07-29,50000
P015,2026-07-30,50000
P015,2026-07-31,50400
P015,2026-08-01,50400
P015,2026-08-02,50400
P015,2026-08-03,50400
P015,2026-08-04,50300
P015,2026-08-05,50600
P015,2026-08-06,50700
P015,2026-08-07,50600
P015,2026-08-08,50600
P015,2026-08-09,50400
P015,2026-08-10,50500
P015,2026-08-11,50200
P015,2026-08-12,50200
P015,2026-08-13,50100
P015,2026-08-14,50200
P015,2026-08-15,50400
P015,2026-08-16,50600
P015,2026-08-17,50600
P015,2026-08-18,50400
P015,2026-08-19,50300
P015,2026-08-20,50300
P015,2026-08-21,50400
P015,2026-08-22,50300
P015,2026-08-23,50100
P015,2026-08-24,50200
P015,2026-08-25,50400
P015,2026-08-26,50800
P015,2026-08-27,51000
P015,2026-08-28,50800
P015,2026-08-29,51100
P015,2026-08-30,50900
P015,2026-08-31,50700
P015,2026-09-01,50800
P015,2026-09-02,50500
P015,2026-09-03,50700
P015,2026-09-04,50700
P015,2026-09-05,50800
P015,2026-09-06,50600
P015,2026-09-07,50800
P015,2026-09-08,50900
P015,2026-09-09,50800
P015,2026-09-10,51000
P015,2026-09-11,50500
P015,2026-09-12,50500
P015,2026-09-13,44999
P016,2026-03-18,39000
P016,2026-03-19,38800
P016,2026-03-20,38800
P016,2026-03-21,38800
P016,2026-03-22,38900
P016,2026-03-23,39100
P016,2026-03-24,39000
P016,2026-03-25,39300
P016,2026-03-26,39000
P016,2026-03-27,39100
P016,2026-03-28,38700
P016,2026-03-29,38700
P016,2026-03-30,38900
P016,2026-03-31,39300
P016,2026-04-01,39300
P016,2026-04-02,39100
P016,2026-04-03,39300
P016,2026-04-04,39400
P016,2026-04-05,39400
P016,2026-04-06,39600
P016,2026-04-07,39800
P016,2026-04-08,39400
P016,2026-04-09,39400
P016,2026-04-10,39400
P016,2026-04-11,39200
P016,2026-04-12,38900
P016,2026-04-13,38900
P016,2026-04-14,38800
P016,2026-04-15,38700
P016,2026-04-16,38600
P016,2026-04-17,38600
P016,2026-04-18,38600
P016,2026-04-19,38900
P016,2026-04-20,38900
P016,2026-04-21,39200
P016,2026-04-22,39500
P016,2026-04-23,39700
P016,2026-04-24,39500
P016,2026-04-25,39500
P016,2026-04-26,39300
P016,2026-04-27,39400
P016,2026-04-28,39300
P016,2026-04-29,39400
P016,2026-04-30,39500
P016,2026-05-01,39500
P016,2026-05-02,39500
P016,2026-05-03,39300
P016,2026-05-04,39200
P016,2026-05-05,39300
P016,2026-05-06,39300
P016,2026-05-07,39300
P016,2026-05-08,39400
P016,2026-05-09,39500
P016,2026-05-10,39300
P016,2026-05-11,39200
P016,2026-05-12,39100
P016,2026-05-13,39100
P016,2026-05-14,39100
P016,2026-05-15,39200
P016,2026-05-16,39600
P016,2026-05-17,39500
P016,2026-05-18,39400
P016,2026-05-19,39500
P016,2026-05-20,39700
P016,2026-05-21,39500
P016,2026-05-22,39600
P016,2026-05-23,39800
P016,2026-05-24,39700
P016,2026-05-25,39700
P016,2026-05-26,39800
P016,2026-05-27,39900
P016,2026-05-28,40000
P016,2026-05-29,39800
P016,2026-05-30,39500
P016,2026-05-31,39500
P016,2026-06-01,39400
P016,2026-06-02,39500
P016,2026-06-03,39400
P016,2026-06-04,39500
P016,2026-06-05,39600
P016,2026-06-06,39400
P016,2026-06-07,39600
P016,2026-06-08,39500
P016,2026-06-09,39400
P016,2026-06-10,39500
P016,2026-06-11,39500
P016,2026-06-12,39300
P016,2026-06-13,39400
P016,2026-06-14,39400
P016,2026-06-15,39200
P016,2026-06-16,38900
P016,2026-06-17,39000
P016,2026-06-18,39000
P016,2026-06-19,39000
P016,2026-06-20,39300
P016,2026-06-21,38800
P016,2026-06-22,39100
P016,2026-06-23,39300
P016,2026-06-24,39100
P016,2026-06-25,39300
P016,2026-06-26,39200
P016,2026-06-27,39000
P016,2026-06-28,38900
P016,2026-06-29,39300
P016,2026-06-30,39400
P016,2026-07-01,39400
P016,2026-07-02,39600
P016,2026-07-03,39400
P016,2026-07-04,39700
P016,2026-07-05,40000
P016,2026-07-06,40100
P016,2026-07-07,40000
P016,2026-07-08,40200
P016,2026-07-09,40200
P016,2026-07-10,40400
P016,2026-07-11,40600
P016,2026-07-12,40700
P016,2026-07-13,40500
P016,2026-07-14,40800
P016,2026-07-15,40900
P016,2026-07-16,40900
P016,2026-07-17,41000
P016,2026-07-18,41100
P016,2026-07-19,41300
P016,2026-07-20,41300
P016,2026-07-21,41300
P016,2026-07-22,41200
P016,2026-07-23,41000
P016,2026-07-24,41000
P016,2026-07-25,41200
P016,2026-07-26,41100
P016,2026-07-27,41100
P016,2026-07-28,41100
P016,2026-07-29,41200
P016,2026-07-30,41300
P016,2026-07-31,41700
P016,2026-08-01,41400
P016,2026-08-02,41400
P016,2026-08-03,41500
P016,2026-08-04,41200
P016,2026-08-05,41500
P016,2026-08-06,41500
P016,2026-08-07,41300
P016,2026-08-08,41500
P016,2026-08-09,41100
P016,2026-08-10,41100
P016,2026-08-11,40900
P016,2026-08-12,40900
P016,2026-08-13,41000
P016,2026-08-14,41100
P016,2026-08-15,41200
P016,2026-08-16,41700
P016,2026-08-17,41700
P016,2026-08-18,41600
P016,2026-08-19,41900
P016,2026-08-20,41800
P016,2026-08-21,41900
P016,2026-08-22,41100
P016,2026-08-23,41200
P016,2026-08-24,41200
P016,2026-08-25,41100
P016,2026-08-26,41000
P016,2026-08-27,41100
P016,2026-08-28,40700
P016,2026-08-29,41400
P016,2026-08-30,41600
P016,2026-08-31,41700
P016,2026-09-01,42100
P016,2026-09-02,42100
P016,2026-09-03,41900
P016,2026-09-04,42200
P016,2026-09-05,41800
P016,2026-09-06,41900
P016,2026-09-07,42200
P016,2026-09-08,42300
P016,2026-09-09,42000
P016,2026-09-10,42000
P016,2026-09-11,42000
P016,2026-09-12,41900
P016,2026-09-13,34999
P017,2026-03-18,17000
P017,2026-03-19,17300
P017,2026-03-20,17400
P017,2026-03-21,17300
P017,2026-03-22,17300
P017,2026-03-23,17400
P017,2026-03-24,17500
P017,2026-03-25,17500
P017,2026-03-26,17500
P017,2026-03-27,17700
P017,2026-03-28,18000
P017,2026-03-29,18000
P017,2026-03-30,18000
P017,2026-03-31,18000
P017,2026-04-01,18000
P017,2026-04-02,17700
P017,2026-04-03,17800
P017,2026-04-04,17700
P017,2026-04-05,17800
P017,2026-04-06,17900
P017,2026-04-07,18100
P017,2026-04-08,17900
P017,2026-04-09,18100
P017,2026-04-10,17900
P017,2026-04-11,18000
P017,2026-04-12,18000
P017,2026-04-13,18100
P017,2026-04-14,18000
P017,2026-04-15,18100
P017,2026-04-16,18200
P017,2026-04-17,18200
P017,2026-04-18,18300
P017,2026-04-19,18500
P017,2026-04-20,18400
P017,2026-04-21,18600
P017,2026-04-22,18600
P017,2026-04-23,18700
P017,2026-04-24,18700
P017,2026-04-25,18600
P017,2026-04-26,18400
P017,2026-04-27,18400
P017,2026-04-28,18300
P017,2026-04-29,18200
P017,2026-04-30,18200
P017,2026-05-01,18100
P017,2026-05-02,18300
P017,2026-05-03,18400
P017,2026-05-04,18600
P017,2026-05-05,18700
P017,2026-05-06,18600
P017,2026-05-07,18300
P017,2026-05-08,18600
P017,2026-05-09,18600
P017,2026-05-10,18600
P017,2026-05-11,18400
P017,2026-05-12,18200
P017,2026-05-13,18300
P017,2026-05-14,18300
P017,2026-05-15,18000
P017,2026-05-16,17900
P017,2026-05-17,18000
P017,2026-05-18,18200
P017,2026-05-19,18200
P017,2026-05-20,18600
P017,2026-05-21,18700
P017,2026-05-22,18700
P017,2026-05-23,18700
P017,2026-05-24,18700
P017,2026-05-25,18600
P017,2026-05-26,18400
P017,2026-05-27,18300
P017,2026-05-28,18300
P017,2026-05-29,18300
P017,2026-05-30,18400
P017,2026-05-31,18400
P017,2026-06-01,18400
P017,2026-06-02,18500
P017,2026-06-03,18500
P017,2026-06-04,18500
P017,2026-06-05,18200
P017,2026-06-06,18300
P017,2026-06-07,18200
P017,2026-06-08,18100
P017,2026-06-09,18200
P017,2026-06-10,18300
P017,2026-06-11,18400
P017,2026-06-12,18500
P017,2026-06-13,18400
P017,2026-06-14,18300
P017,2026-06-15,18300
P017,2026-06-16,18500
P017,2026-06-17,18600
P017,2026-06-18,18600
P017,2026-06-19,18700
P017,2026-06-20,18700
P017,2026-06-21,18700
P017,2026-06-22,18700
P017,2026-06-23,18700
P017,2026-06-24,18700
P017,2026-06-25,18600
P017,2026-06-26,18600
P017,2026-06-27,18600
P017,2026-06-28,18400
P017,2026-06-29,18300
P017,2026-06-30,18300
P017,2026-07-01,18300
P017,2026-07-02,18400
P017,2026-07-03,18300
P017,2026-07-04,18400
P017,2026-07-05,18400
P017,2026-07-06,18400
P017,2026-07-07,18500
P017,2026-07-08,18600
P017,2026-07-09,18700
P017,2026-07-10,18700
P017,2026-07-11,18500
P017,2026-07-12,18500
P017,2026-07-13,18600
P017,2026-07-14,18600
P017,2026-07-15,18600
P017,2026-07-16,18400
P017,2026-07-17,18300
P017,2026-07-18,18400
P017,2026-07-19,18500
P017,2026-07-20,18400
P017,2026-07-21,18400
P017,2026-07-22,18300
P017,2026-07-23,18200
P017,2026-07-24,18200
P017,2026-07-25,18200
P017,2026-07-26,18300
P017,2026-07-27,18400
P017,2026-07-28,18600
P017,2026-07-29,18700
P017,2026-07-30,18700
P017,2026-07-31,18700
P017,2026-08-01,18600
P017,2026-08-02,18600
P017,2026-08-03,18700
P017,2026-08-04,18700
P017,2026-08-05,18700
P017,2026-08-06,18700
P017,2026-08-07,18700
P017,2026-08-08,18700
P017,2026-08-09,18700
P017,2026-08-10,18700
P017,2026-08-11,18700
P017,2026-08-12,18700
P017,2026-08-13,18700
P017,2026-08-14,18700
P017,2026-08-15,18700
P017,2026-08-16,18700
P017,2026-08-17,18600
P017,2026-08-18,18700
P017,2026-08-19,18700
P017,2026-08-20,18700
P017,2026-08-21,18500
P017,2026-08-22,18400
P017,2026-08-23,18500
P017,2026-08-24,18300
P017,2026-08-25,18100
P017,2026-08-26,18000
P017,2026-08-27,17800
P017,2026-08-28,17800
P017,2026-08-29,17800
P017,2026-08-30,17800
P017,2026-08-31,17900
P017,2026-09-01,17800
P017,2026-09-02,17600
P017,2026-09-03,17600
P017,2026-09-04,17600
P017,2026-09-05,17400
P017,2026-09-06,17400
P017,2026-09-07,17300
P017,2026-09-08,17300
P017,2026-09-09,17300
P017,2026-09-10,17600
P017,2026-09-11,17600
P017,2026-09-12,17600
P017,2026-09-13,14999
P018,2026-03-18,48200
P018,2026-03-19,48800
P018,2026-03-20,48200
P018,2026-03-21,47500
P018,2026-03-22,47500
P018,2026-03-23,48500
P018,2026-03-24,48700
P018,2026-03-25,48600
P018,2026-03-26,48200
P018,2026-03-27,48500
P018,2026-03-28,48300
P018,2026-03-29,48700
P018,2026-03-30,47700
P018,2026-03-31,48000
P018,2026-04-01,48100
P018,2026-04-02,47500
P018,2026-04-03,47000
P018,2026-04-04,46900
P018,2026-04-05,46700
P018,2026-04-06,46800
P018,2026-04-07,46200
P018,2026-04-08,45800
P018,2026-04-09,46700
P018,2026-04-10,46300
P018,2026-04-11,46100
P018,2026-04-12,46100
P018,2026-04-13,45900
P018,2026-04-14,46500
P018,2026-04-15,46200
P018,2026-04-16,46600
P018,2026-04-17,46200
P018,2026-04-18,46600
P018,2026-04-19,46500
P018,2026-04-20,46400
P018,2026-04-21,46300
P018,2026-04-22,46600
P018,2026-04-23,46000
P018,2026-04-24,45600
P018,2026-04-25,46500
P018,2026-04-26,46800
P018,2026-04-27,46600
P018,2026-04-28,46900
P018,2026-04-29,46900
P018,2026-04-30,45800
P018,2026-05-01,45900
P018,2026-05-02,45800
P018,2026-05-03,46000
P018,2026-05-04,45600
P018,2026-05-05,45500
P018,2026-05-06,46100
P018,2026-05-07,46000
P018,2026-05-08,45800
P018,2026-05-09,46000
P018,2026-05-10,45800
P018,2026-05-11,46300
P018,2026-05-12,46200
P018,2026-05-13,46300
P018,2026-05-14,46000
P018,2026-05-15,45500
P018,2026-05-16,45800
P018,2026-05-17,45900
P018,2026-05-18,46200
P018,2026-05-19,46500
P018,2026-05-20,45800
P018,2026-05-21,45900
P018,2026-05-22,45000
P018,2026-05-23,45200
P018,2026-05-24,44700
P018,2026-05-25,44900
P018,2026-05-26,45300
P018,2026-05-27,45000
P018,2026-05-28,45000
P018,2026-05-29,45600
P018,2026-05-30,44800
P018,2026-05-31,45100
P018,2026-06-01,45100
P018,2026-06-02,45600
P018,2026-06-03,44800
P018,2026-06-04,44800
P018,2026-06-05,45300
P018,2026-06-06,45900
P018,2026-06-07,45600
P018,2026-06-08,45500
P018,2026-06-09,46300
P018,2026-06-10,45600
P018,2026-06-11,45600
P018,2026-06-12,45700
P018,2026-06-13,45800
P018,2026-06-14,45300
P018,2026-06-15,45800
P018,2026-06-16,46200
P018,2026-06-17,47000
P018,2026-06-18,46600
P018,2026-06-19,46400
P018,2026-06-20,46900
P018,2026-06-21,47800
P018,2026-06-22,47800
P018,2026-06-23,47000
P018,2026-06-24,46900
P018,2026-06-25,47400
P018,2026-06-26,47700
P018,2026-06-27,48200
P018,2026-06-28,49200
P018,2026-06-29,48900
P018,2026-06-30,48500
P018,2026-07-01,47900
P018,2026-07-02,47900
P018,2026-07-03,48400
P018,2026-07-04,49200
P018,2026-07-05,49300
P018,2026-07-06,49300
P018,2026-07-07,49200
P018,2026-07-08,49800
P018,2026-07-09,49500
P018,2026-07-10,49400
P018,2026-07-11,49400
P018,2026-07-12,49400
P018,2026-07-13,50200
P018,2026-07-14,49800
P018,2026-07-15,51000
P018,2026-07-16,50700
P018,2026-07-17,50300
P018,2026-07-18,49900
P018,2026-07-19,50300
P018,2026-07-20,50200
P018,2026-07-21,50800
P018,2026-07-22,50400
P018,2026-07-23,49600
P018,2026-07-24,49400
P018,2026-07-25,49500
P018,2026-07-26,48800
P018,2026-07-27,48700
P018,2026-07-28,49000
P018,2026-07-29,48600
P018,2026-07-30,48200
P018,2026-07-31,47700
P018,2026-08-01,47600
P018,2026-08-02,47800
P018,2026-08-03,49100
P018,2026-08-04,49700
P018,2026-08-05,49100
P018,2026-08-06,48300
P018,2026-08-07,48300
P018,2026-08-08,49000
P018,2026-08-09,49300
P018,2026-08-10,49100
P018,2026-08-11,49600
P018,2026-08-12,50300
P018,2026-08-13,51000
P018,2026-08-14,50400
P018,2026-08-15,50700
P018,2026-08-16,50000
P018,2026-08-17,49600
P018,2026-08-18,49000
P018,2026-08-19,48900
P018,2026-08-20,48200
P018,2026-08-21,48500
P018,2026-08-22,48500
P018,2026-08-23,48100
P018,2026-08-24,48300
P018,2026-08-25,49100
P018,2026-08-26,49200
P018,2026-08-27,49000
P018,2026-08-28,48800
P018,2026-08-29,48800
P018,2026-08-30,48400
P018,2026-08-31,47600
P018,2026-09-01,47400
P018,2026-09-02,48000
P018,2026-09-03,47600
P018,2026-09-04,46700
P018,2026-09-05,46700
P018,2026-09-06,47200
P018,2026-09-07,46400
P018,2026-09-08,46500
P018,2026-09-09,46700
P018,2026-09-10,46900
P018,2026-09-11,47200
P018,2026-09-12,47400
P018,2026-09-13,44999
P019,2026-03-18,96500
P019,2026-03-19,96800
P019,2026-03-20,96000
P019,2026-03-21,97000
P019,2026-03-22,96500
P019,2026-03-23,97700
P019,2026-03-24,97400
P019,2026-03-25,98000
P019,2026-03-26,97600
P019,2026-03-27,99000
P019,2026-03-28,97500
P019,2026-03-29,97700
P019,2026-03-30,96200
P019,2026-03-31,95300
P019,2026-04-01,96700
P019,2026-04-02,97300
P019,2026-04-03,95800
P019,2026-04-04,95800
P019,2026-04-05,95400
P019,2026-04-06,95800
P019,2026-04-07,97200
P019,2026-04-08,97600
P019,2026-04-09,98000
P019,2026-04-10,98400
P019,2026-04-11,97500
P019,2026-04-12,98100
P019,2026-04-13,98800
P019,2026-04-14,98300
P019,2026-04-15,97800
P019,2026-04-16,98900
P019,2026-04-17,99100
P019,2026-04-18,98200
P019,2026-04-19,97900
P019,2026-04-20,97500
P019,2026-04-21,97500
P019,2026-04-22,97400
P019,2026-04-23,97200
P019,2026-04-24,98500
P019,2026-04-25,99100
P019,2026-04-26,100300
P019,2026-04-27,98900
P019,2026-04-28,99000
P019,2026-04-29,99900
P019,2026-04-30,100500
P019,2026-05-01,100000
P019,2026-05-02,99400
P019,2026-05-03,100100
P019,2026-05-04,100000
P019,2026-05-05,100500
P019,2026-05-06,100600
P019,2026-05-07,100500
P019,2026-05-08,100600
P019,2026-05-09,99900
P019,2026-05-10,101300
P019,2026-05-11,101700
P019,2026-05-12,102800
P019,2026-05-13,102400
P019,2026-05-14,101900
P019,2026-05-15,101700
P019,2026-05-16,101000
P019,2026-05-17,101500
P019,2026-05-18,102100
P019,2026-05-19,101700
P019,2026-05-20,101400
P019,2026-05-21,101700
P019,2026-05-22,101100
P019,2026-05-23,100800
P019,2026-05-24,102000
P019,2026-05-25,101400
P019,2026-05-26,101000
P019,2026-05-27,103000
P019,2026-05-28,101300
P019,2026-05-29,100400
P019,2026-05-30,101800
P019,2026-05-31,101500
P019,2026-06-01,101800
P019,2026-06-02,103500
P019,2026-06-03,102900
P019,2026-06-04,102500
P019,2026-06-05,102800
P019,2026-06-06,102700
P019,2026-06-07,102300
P019,2026-06-08,102200
P019,2026-06-09,101200
P019,2026-06-10,101500
P019,2026-06-11,102200
P019,2026-06-12,102100
P019,2026-06-13,101900
P019,2026-06-14,102300
P019,2026-06-15,101900
P019,2026-06-16,101600
P019,2026-06-17,101600
P019,2026-06-18,102700
P019,2026-06-19,102700
P019,2026-06-20,102600
P019,2026-06-21,102500
P019,2026-06-22,102200
P019,2026-06-23,101400
P019,2026-06-24,100700
P019,2026-06-25,101400
P019,2026-06-26,100900
P019,2026-06-27,101000
P019,2026-06-28,100600
P019,2026-06-29,99600
P019,2026-06-30,99200
P019,2026-07-01,100300
P019,2026-07-02,100000
P019,2026-07-03,99400
P019,2026-07-04,99100
P019,2026-07-05,98900
P019,2026-07-06,99000
P019,2026-07-07,98700
P019,2026-07-08,98600
P019,2026-07-09,98300
P019,2026-07-10,98500
P019,2026-07-11,98800
P019,2026-07-12,98900
P019,2026-07-13,99400
P019,2026-07-14,99400
P019,2026-07-15,100300
P019,2026-07-16,100600
P019,2026-07-17,101800
P019,2026-07-18,101700
P019,2026-07-19,102000
P019,2026-07-20,101400
P019,2026-07-21,101400
P019,2026-07-22,102100
P019,2026-07-23,101800
P019,2026-07-24,103000
P019,2026-07-25,103000
P019,2026-07-26,104300
P019,2026-07-27,103400
P019,2026-07-28,103200
P019,2026-07-29,102800
P019,2026-07-30,103600
P019,2026-07-31,104100
P019,2026-08-01,104000
P019,2026-08-02,103700
P019,2026-08-03,103700
P019,2026-08-04,104200
P019,2026-08-05,104900
P019,2026-08-06,104900
P019,2026-08-07,104500
P019,2026-08-08,104600
P019,2026-08-09,104700
P019,2026-08-10,104900
P019,2026-08-11,104500
P019,2026-08-12,105900
P019,2026-08-13,105400
P019,2026-08-14,106700
P019,2026-08-15,107800
P019,2026-08-16,108600
P019,2026-08-17,110200
P019,2026-08-18,110700
P019,2026-08-19,110400
P019,2026-08-20,109900
P019,2026-08-21,109400
P019,2026-08-22,110100
P019,2026-08-23,108800
P019,2026-08-24,107600
P019,2026-08-25,108900
P019,2026-08-26,109700
P019,2026-08-27,110100
P019,2026-08-28,110900
P019,2026-08-29,111600
P019,2026-08-30,111400
P019,2026-08-31,110100
P019,2026-09-01,111200
P019,2026-09-02,111600
P019,2026-09-03,110400
P019,2026-09-04,110500
P019,2026-09-05,110100
P019,2026-09-06,110000
P019,2026-09-07,109800
P019,2026-09-08,110200
P019,2026-09-09,110000
P019,2026-09-10,109100
P019,2026-09-11,109600
P019,2026-09-12,110000
P019,2026-09-13,89999
P020,2026-03-18,10700
P020,2026-03-19,10700
P020,2026-03-20,10700
P020,2026-03-21,10600
P020,2026-03-22,10600
P020,2026-03-23,10600
P020,2026-03-24,10600
P020,2026-03-25,10600
P020,2026-03-26,10600
P020,2026-03-27,10600
P020,2026-03-28,10600
P020,2026-03-29,10700
P020,2026-03-30,10600
P020,2026-03-31,10600
P020,2026-04-01,10600
P020,2026-04-02,10500
P020,2026-04-03,10300
P020,2026-04-04,10300
P020,2026-04-05,10200
P020,2026-04-06,10200
P020,2026-04-07,10100
P020,2026-04-08,10100
P020,2026-04-09,10200
P020,2026-04-10,10200
P020,2026-04-11,10200
P020,2026-04-12,10300
P020,2026-04-13,10200
P020,2026-04-14,10200
P020,2026-04-15,10200
P020,2026-04-16,10200
P020,2026-04-17,10200
P020,2026-04-18,10200
P020,2026-04-19,10200
P020,2026-04-20,10100
P020,2026-04-21,10200
P020,2026-04-22,10100
P020,2026-04-23,10100
P020,2026-04-24,10100
P020,2026-04-25,10100
P020,2026-04-26,10100
P020,2026-04-27,10100
P020,2026-04-28,10100
P020,2026-04-29,10100
P020,2026-04-30,10200
P020,2026-05-01,10100
P020,2026-05-02,10200
P020,2026-05-03,10100
P020,2026-05-04,10100
P020,2026-05-05,10000
P020,2026-05-06,10000
P020,2026-05-07,10000
P020,2026-05-08,10000
P020,2026-05-09,9900
P020,2026-05-10,9900
P020,2026-05-11,10000
P020,2026-05-12,10000
P020,2026-05-13,10000
P020,2026-05-14,10000
P020,2026-05-15,10100
P020,2026-05-16,10100
P020,2026-05-17,10100
P020,2026-05-18,10000
P020,2026-05-19,10000
P020,2026-05-20,10000
P020,2026-05-21,9900
P020,2026-05-22,9800
P020,2026-05-23,9800
P020,2026-05-24,9800
P020,2026-05-25,9800
P020,2026-05-26,9900
P020,2026-05-27,9800
P020,2026-05-28,9800
P020,2026-05-29,9700
P020,2026-05-30,9700
P020,2026-05-31,9700
P020,2026-06-01,9700
P020,2026-06-02,9700
P020,2026-06-03,9700
P020,2026-06-04,9600
P020,2026-06-05,9700
P020,2026-06-06,9700
P020,2026-06-07,9700
P020,2026-06-08,9600
P020,2026-06-09,9600
P020,2026-06-10,9600
P020,2026-06-11,9700
P020,2026-06-12,9700
P020,2026-06-13,9800
P020,2026-06-14,9800
P020,2026-06-15,9800
P020,2026-06-16,9700
P020,2026-06-17,9700
P020,2026-06-18,9800
P020,2026-06-19,9700
P020,2026-06-20,9600
P020,2026-06-21,9700
P020,2026-06-22,9700
P020,2026-06-23,9600
P020,2026-06-24,9500
P020,2026-06-25,9600
P020,2026-06-26,9600
P020,2026-06-27,9600
P020,2026-06-28,9600
P020,2026-06-29,9500
P020,2026-06-30,9400
P020,2026-07-01,9300
P020,2026-07-02,9400
P020,2026-07-03,9400
P020,2026-07-04,9400
P020,2026-07-05,9400
P020,2026-07-06,9500
P020,2026-07-07,9400
P020,2026-07-08,9400
P020,2026-07-09,9400
P020,2026-07-10,9400
P020,2026-07-11,9400
P020,2026-07-12,9300
P020,2026-07-13,9300
P020,2026-07-14,9300
P020,2026-07-15,9400
P020,2026-07-16,9300
P020,2026-07-17,9200
P020,2026-07-18,9200
P020,2026-07-19,9200
P020,2026-07-20,9300
P020,2026-07-21,9300
P020,2026-07-22,9300
P020,2026-07-23,9200
P020,2026-07-24,9400
P020,2026-07-25,9300
P020,2026-07-26,9300
P020,2026-07-27,9300
P020,2026-07-28,9200
P020,2026-07-29,9300
P020,2026-07-30,9300
P020,2026-07-31,9200
P020,2026-08-01,9200
P020,2026-08-02,9100
P020,2026-08-03,9100
P020,2026-08-04,9000
P020,2026-08-05,9000
P020,2026-08-06,9000
P020,2026-08-07,9000
P020,2026-08-08,9000
P020,2026-08-09,9000
P020,2026-08-10,9100
P020,2026-08-11,9100
P020,2026-08-12,9100
P020,2026-08-13,9200
P020,2026-08-14,9200
P020,2026-08-15,9200
P020,2026-08-16,9100
P020,2026-08-17,9100
P020,2026-08-18,9200
P020,2026-08-19,9100
P020,2026-08-20,9100
P020,2026-08-21,9100
P020,2026-08-22,9000
P020,2026-08-23,9000
P020,2026-08-24,9000
P020,2026-08-25,9000
P020,2026-08-26,9100
P020,2026-08-27,9100
P020,2026-08-28,9100
P020,2026-08-29,9100
P020,2026-08-30,9100
P020,2026-08-31,9100
P020,2026-09-01,9000
P020,2026-09-02,9000
P020,2026-09-03,9000
P020,2026-09-04,9000
P020,2026-09-05,9000
P020,2026-09-06,9100
P020,2026-09-07,9000
P020,2026-09-08,9000
P020,2026-09-09,9100
P020,2026-09-10,9200
P020,2026-09-11,9200
P020,2026-09-12,9300
P020,2026-09-13,9999
